Customer ID,Name,Email,Signup Date,Age,Gender,City,State
1,Lennie Jahnisch,ljahnisch0@uol.com.br,5/2/2022,79,Male,Carson City,NV
2,Lotti Flecknell,lflecknell1@nifty.com,7/31/2017,73,Female,San Francisco,CA
3,Guendolen Grafhom,ggrafhom2@smugmug.com,3/3/2015,66,Female,Bronx,NY
4,Blayne Gerriets,bgerriets3@jigsy.com,9/5/2013,72,Male,Richmond,VA
5,Carmelina Pala,cpala4@multiply.com,12/31/2011,74,Female,Greenville,SC
6,Jaymie Osban,josban5@cocolog-nifty.com,4/24/2014,40,Male,Cape Coral,FL
7,Amitie Merrill,amerrill6@chron.com,10/25/2012,18,Female,Peoria,IL
8,Talbot Quince,tquince7@miibeian.gov.cn,1/22/2022,85,Male,Los Angeles,CA
9,Glennis Woolford,gwoolford8@abc.net.au,4/27/2021,24,Female,Henderson,NV
10,Cyrillus Le Count,cle9@cornell.edu,6/20/2019,32,Male,Reston,VA
11,Alexandro Poleykett,apoleyketta@ycombinator.com,3/5/2013,19,Male,Berkeley,CA
12,Boy Taberner,btabernerb@gizmodo.com,6/25/2021,72,Male,Lancaster,PA
13,Domenic Micklewright,dmicklewrightc@privacy.gov.au,7/5/2010,43,Male,Saint Louis,MO
14,Cally Mugridge,cmugridged@istockphoto.com,12/11/2017,65,Female,New York City,NY
15,Bucky Goshawk,bgoshawke@aboutads.info,7/16/2019,43,Male,Burbank,CA
16,Earl Gentile,egentilef@discuz.net,5/8/2015,46,Male,Cincinnati,OH
17,Harwilll Sygrove,hsygroveg@bbb.org,12/12/2011,65,Male,Orange,CA
18,Den Crufts,dcruftsh@umich.edu,10/23/2011,69,Male,Arlington,VA
19,Lindi Dark,ldarki@i2i.jp,10/19/2021,28,Female,Saint Louis,MO
20,Domingo Willder,dwillderj@cyberchimps.com,11/12/2012,95,Male,Arlington,TX
21,Woodman Sonnenschein,wsonnenscheink@mlb.com,1/28/2011,94,Male,Washington,DC
22,Victor Salsbury,vsalsburyl@odnoklassniki.ru,8/18/2014,65,Male,Grand Rapids,MI
23,Emilee Wilkin,ewilkinm@people.com.cn,5/1/2017,97,Bigender,Dayton,OH
24,Leland Wevell,lwevelln@imageshack.us,5/18/2017,63,Male,Dallas,TX
25,Beitris Mockes,bmockeso@google.cn,6/24/2016,40,Female,Norfolk,VA
26,Mariann Welchman,mwelchmanp@theatlantic.com,11/6/2012,73,Female,Shawnee Mission,KS
27,Dexter Dutton,dduttonq@netlog.com,5/27/2015,83,Male,Houston,TX
28,Tandie Chicotti,tchicottir@linkedin.com,11/3/2014,90,Female,Austin,TX
29,Winnie Kyte,wkytes@yelp.com,7/5/2019,46,Male,Kansas City,MO
30,Alain Forcer,aforcert@weebly.com,2/5/2012,64,Male,Rochester,NY
31,Ahmed Skeermer,askeermeru@omniture.com,4/3/2011,51,Male,Jackson,MS
32,Adolpho McClean,amccleanv@spotify.com,12/16/2015,52,Male,Charlotte,NC
33,Leontine Behning,lbehningw@ca.gov,11/27/2022,27,Female,Saint Louis,MO
34,James Timmens,jtimmensx@unicef.org,10/22/2011,95,Male,Greensboro,NC
35,Cleon Leaton,cleatony@bloomberg.com,3/1/2022,67,Male,Birmingham,AL
36,Kellyann Faireclough,kfairecloughz@photobucket.com,11/20/2013,99,Female,Roanoke,VA
37,Valencia Fesby,vfesby10@deliciousdays.com,10/31/2020,67,Female,Davenport,IA
38,Melany Derrett,mderrett11@studiopress.com,7/19/2015,20,Female,Roanoke,VA
39,Delora Gaul,dgaul12@columbia.edu,6/26/2021,56,Female,Columbus,OH
40,Nona Caccavella,ncaccavella13@imdb.com,8/16/2017,74,Female,Dayton,OH
41,Izak Milvarnie,imilvarnie14@mayoclinic.com,10/27/2010,64,Male,Kansas City,KS
42,Benedikta Reasun,breasun15@vinaora.com,10/15/2019,72,Female,San Antonio,TX
43,Yolande Nussen,ynussen16@msn.com,5/27/2016,98,Female,Kissimmee,FL
44,Neill Marl,nmarl17@hatena.ne.jp,10/28/2010,23,Male,Austin,TX
45,Agnesse Mussen,amussen18@google.com.hk,11/19/2012,33,Female,Alpharetta,GA
46,Simone Bazell,sbazell19@smugmug.com,1/4/2012,98,Male,Atlanta,GA
47,Nicholas Baguley,nbaguley1a@engadget.com,10/13/2013,80,Male,Seattle,WA
48,Elroy Tout,etout1b@epa.gov,5/29/2022,100,Male,Yakima,WA
49,Genevieve Bonney,gbonney1c@fotki.com,7/16/2012,39,Female,Fresno,CA
50,Fernando Fleury,ffleury1d@auda.org.au,4/8/2013,79,Male,Jacksonville,FL
51,Humphrey Lorrimer,hlorrimer1e@china.com.cn,7/8/2016,57,Male,Harrisburg,PA
52,Nestor Smaile,nsmaile1f@samsung.com,1/14/2013,75,Male,Grand Junction,CO
53,Jarid Prestney,jprestney1g@google.com.br,3/1/2011,58,Male,Washington,DC
54,Marlo Olivello,molivello1h@goo.ne.jp,3/9/2012,31,Female,Washington,DC
55,Harlene Ruslin,hruslin1i@zdnet.com,9/22/2013,59,Female,Minneapolis,MN
56,Chip Fellowes,cfellowes1j@linkedin.com,12/28/2017,94,Male,Henderson,NV
57,Angelica Pickford,apickford1k@furl.net,11/22/2012,87,Polygender,Pittsburgh,PA
58,Serge Adacot,sadacot1l@omniture.com,4/16/2013,64,Male,El Paso,TX
59,Quinta Wenderott,qwenderott1m@japanpost.jp,10/23/2012,37,Female,Indianapolis,IN
60,Kaitlin Yantsev,kyantsev1n@youtu.be,3/19/2012,57,Bigender,Jacksonville,FL
61,Marinna Lewcock,mlewcock1o@vkontakte.ru,3/17/2022,33,Female,Jackson,MS
62,Gaby Pellitt,gpellitt1p@msn.com,2/2/2017,58,Female,Sacramento,CA
63,Bing Weich,bweich1q@businessweek.com,5/18/2016,25,Male,Bradenton,FL
64,Gawen Galbreth,ggalbreth1r@nature.com,3/1/2016,80,Genderqueer,Miami,FL
65,Ryley Wybron,rwybron1s@marriott.com,6/7/2018,79,Male,Saint Paul,MN
66,Norean Hatherleigh,nhatherleigh1t@scientificamerican.com,10/5/2021,42,Female,Washington,DC
67,Liz Murrow,lmurrow1u@shop-pro.jp,5/11/2013,61,Female,Hot Springs National Park,AR
68,Arman Graham,agraham1v@ibm.com,12/3/2013,96,Male,Hartford,CT
69,Ilsa Telling,itelling1w@ox.ac.uk,11/29/2013,59,Female,Springfield,MA
70,Errick Frankes,efrankes1x@mail.ru,1/10/2018,88,Male,Eugene,OR
71,Ilise Gobert,igobert1y@nih.gov,7/30/2020,93,Female,Charlotte,NC
72,Sebastiano Vido,svido1z@dropbox.com,12/16/2016,51,Male,Ogden,UT
73,Maxy O'Lunney,molunney20@geocities.jp,1/8/2020,33,Female,Des Moines,IA
74,Nonnah Darlow,ndarlow21@ask.com,5/20/2015,79,Female,Aurora,IL
75,Ben Indge,bindge22@nhs.uk,12/14/2013,18,Male,Pittsburgh,PA
76,Salmon Shaughnessy,sshaughnessy23@amazon.co.uk,5/25/2012,19,Male,Columbia,MO
77,Georgina O'Loinn,goloinn24@apple.com,10/29/2015,59,Female,Seattle,WA
78,Mariya Woodison,mwoodison25@fastcompany.com,7/19/2011,65,Female,Houston,TX
79,Bart Pyper,bpyper26@jimdo.com,7/29/2019,70,Male,Louisville,KY
80,Sarah Johncey,sjohncey27@arizona.edu,3/31/2012,99,Female,Levittown,PA
81,Vanessa O' Scallan,vo28@slideshare.net,6/10/2010,86,Female,Dallas,TX
82,Erhart Stoeck,estoeck29@blogs.com,12/15/2011,53,Male,Erie,PA
83,Gardie Lindner,glindner2a@cam.ac.uk,2/8/2018,39,Male,Los Angeles,CA
84,Vincenty Geikie,vgeikie2b@cmu.edu,6/2/2018,32,Male,New York City,NY
85,Crichton Shepcutt,cshepcutt2c@bigcartel.com,12/6/2011,47,Male,Tacoma,WA
86,Luis Godmar,lgodmar2d@cbc.ca,3/3/2017,99,Male,Omaha,NE
87,Nan Schimpke,nschimpke2e@newyorker.com,5/10/2016,27,Female,Albany,NY
88,Vannie Rowles,vrowles2f@tripadvisor.com,11/8/2021,96,Female,Garden Grove,CA
89,Minta Vannet,mvannet2g@123-reg.co.uk,2/28/2010,32,Female,Vero Beach,FL
90,Gonzalo Harsnep,gharsnep2h@printfriendly.com,4/23/2013,82,Male,Hartford,CT
91,Hannie McGreary,hmcgreary2i@facebook.com,12/17/2013,93,Female,Oakland,CA
92,Dietrich Neesam,dneesam2j@altervista.org,10/1/2019,49,Male,Temple,TX
93,Harriet Kleine,hkleine2k@twitpic.com,4/9/2018,64,Female,Beaumont,TX
94,Averil Hattigan,ahattigan2l@jigsy.com,8/18/2016,98,Female,Birmingham,AL
95,Thorn Sieve,tsieve2m@de.vu,10/18/2017,32,Male,Greensboro,NC
96,Tremain Northin,tnorthin2n@nifty.com,6/16/2012,23,Male,Oxnard,CA
97,Brigida Skade,bskade2o@upenn.edu,7/14/2012,49,Female,Hialeah,FL
98,Pascale Heinonen,pheinonen2p@meetup.com,1/9/2014,65,Male,Baltimore,MD
99,Libbi Byway,lbyway2q@go.com,4/1/2011,91,Female,Daytona Beach,FL
100,Faustine Eckery,feckery2r@merriam-webster.com,10/27/2012,61,Female,Cincinnati,OH
101,Harmonia Kneale,hkneale2s@timesonline.co.uk,7/13/2015,67,Female,Garland,TX
102,Merwin Hall,mhall2t@fema.gov,12/17/2010,82,Male,Gatesville,TX
103,Reina McManus,rmcmanus2u@latimes.com,10/17/2022,52,Polygender,Pittsburgh,PA
104,Elsa Ravenhills,eravenhills2v@npr.org,11/10/2011,35,Female,Washington,DC
105,Alexis Payler,apayler2w@wikipedia.org,3/19/2017,67,Male,Erie,PA
106,Hugibert MacLese,hmaclese2x@msn.com,3/3/2015,29,Non-binary,New Orleans,LA
107,Barney Tythe,btythe2y@nationalgeographic.com,5/5/2018,71,Male,Fairbanks,AK
108,Charissa Nias,cnias2z@squarespace.com,5/22/2021,55,Female,Indianapolis,IN
109,Linell Baistow,lbaistow30@w3.org,5/24/2018,32,Female,Colorado Springs,CO
110,Bernardina Lascelles,blascelles31@list-manage.com,5/26/2013,58,Female,Peoria,AZ
111,Charin Burnhill,cburnhill32@a8.net,11/25/2019,71,Female,Largo,FL
112,Bonni Cawthron,bcawthron33@dagondesign.com,9/23/2020,44,Female,Colorado Springs,CO
113,Dar Scawton,dscawton34@ustream.tv,7/24/2021,19,Male,Fresno,CA
114,Loella Farlambe,lfarlambe35@cdbaby.com,1/22/2018,75,Female,San Antonio,TX
115,Gardie Loker,gloker36@xing.com,9/11/2019,80,Male,Rochester,NY
116,Theo Print,tprint37@mapy.cz,6/12/2010,89,Female,El Paso,TX
117,Teresita Hallitt,thallitt38@noaa.gov,4/6/2015,22,Female,Birmingham,AL
118,Stephanus Bagehot,sbagehot39@abc.net.au,11/8/2022,24,Male,Montgomery,AL
119,Fiann Gilder,fgilder3a@cyberchimps.com,4/9/2012,31,Female,Evansville,IN
120,Gusta Rowesby,growesby3b@infoseek.co.jp,6/12/2013,81,Female,Humble,TX
121,Stormi Tunuy,stunuy3c@biblegateway.com,3/4/2018,87,Female,Baton Rouge,LA
122,Dominik Songust,dsongust3d@imageshack.us,12/11/2012,99,Male,Pasadena,CA
123,Kipp Gudgeon,kgudgeon3e@yelp.com,2/27/2021,88,Male,Boston,MA
124,Zenia Stickells,zstickells3f@sakura.ne.jp,11/30/2011,57,Female,Milwaukee,WI
125,Marcie Draycott,mdraycott3g@surveymonkey.com,3/16/2010,33,Female,Cleveland,OH
126,Lucais Notman,lnotman3h@accuweather.com,10/10/2013,83,Male,Jamaica,NY
127,Leese Bartens,lbartens3i@google.cn,12/10/2012,87,Female,Wilkes Barre,PA
128,Minnaminnie Ricoald,mricoald3j@com.com,9/20/2012,61,Female,Atlanta,GA
129,Riva Biscomb,rbiscomb3k@jimdo.com,4/2/2012,36,Female,San Jose,CA
130,Denney Hatchman,dhatchman3l@pagesperso-orange.fr,8/20/2021,64,Male,Colorado Springs,CO
131,Gardie Genty,ggenty3m@japanpost.jp,7/3/2022,85,Male,Santa Ana,CA
132,Cy Laible,claible3n@mit.edu,12/14/2013,22,Male,Jackson,MS
133,Fanchette Lippo,flippo3o@soundcloud.com,9/24/2017,47,Female,Saint Louis,MO
134,Fiann Risdale,frisdale3p@cnet.com,7/18/2019,65,Female,Tampa,FL
135,Sharon Tumber,stumber3q@sphinn.com,5/1/2021,27,Female,Philadelphia,PA
136,Inez Pittway,ipittway3r@bravesites.com,12/11/2017,36,Female,Idaho Falls,ID
137,Chrissie Caldecott,ccaldecott3s@google.ca,6/10/2019,84,Male,Richmond,VA
138,Regina Sheehan,rsheehan3t@vimeo.com,6/18/2018,83,Female,Chicago,IL
139,Abey Ghione,aghione3u@usgs.gov,7/19/2020,94,Male,Valdosta,GA
140,Linc Afonso,lafonso3v@friendfeed.com,8/14/2017,76,Genderfluid,Memphis,TN
141,Fraser Tomasicchio,ftomasicchio3w@surveymonkey.com,12/14/2015,39,Genderfluid,Washington,DC
142,Annemarie Bottomore,abottomore3x@marketwatch.com,12/26/2015,70,Female,Lansing,MI
143,Lily Dottridge,ldottridge3y@smugmug.com,6/16/2016,61,Female,Indianapolis,IN
144,Goldi Derye-Barrett,gderyebarrett3z@unc.edu,1/23/2017,100,Female,Tampa,FL
145,Cindi Dentith,cdentith40@census.gov,3/7/2011,24,Female,Los Angeles,CA
146,Rees Prescott,rprescott41@sphinn.com,6/13/2016,19,Male,Harrisburg,PA
147,Leilah Cowern,lcowern42@latimes.com,9/20/2016,63,Female,Torrance,CA
148,Valentia Kryszkiecicz,vkryszkiecicz43@google.co.uk,2/4/2019,25,Female,College Station,TX
149,Westley Tuddall,wtuddall44@nifty.com,5/28/2016,72,Male,Chicago,IL
150,Willard Pacey,wpacey45@upenn.edu,6/29/2015,36,Male,Nashville,TN
151,Brear Pickthorne,bpickthorne46@ycombinator.com,7/19/2018,91,Female,Denver,CO
152,Barbee Rawsthorne,brawsthorne47@typepad.com,6/4/2020,92,Female,Jersey City,NJ
153,Bridget Gewer,bgewer48@ovh.net,1/4/2015,59,Female,Littleton,CO
154,Karlan Castaner,kcastaner49@creativecommons.org,1/17/2010,29,Male,Tucson,AZ
155,Ronnie Cheer,rcheer4a@house.gov,10/11/2010,46,Female,Atlanta,GA
156,Anabel Clelland,aclelland4b@netvibes.com,7/23/2017,100,Non-binary,Montgomery,AL
157,Adolphe Totterdill,atotterdill4c@cam.ac.uk,10/7/2021,53,Male,Orlando,FL
158,Alisa Perott,aperott4d@sohu.com,8/15/2015,47,Bigender,Baltimore,MD
159,Corinne Goulbourn,cgoulbourn4e@earthlink.net,5/28/2022,76,Female,Los Angeles,CA
160,Gaelan Hugett,ghugett4f@ycombinator.com,11/23/2019,54,Male,Houston,TX
161,Carlina Wileman,cwileman4g@topsy.com,6/19/2012,62,Female,Buffalo,NY
162,Marina Adriaens,madriaens4h@unicef.org,7/29/2012,29,Female,Modesto,CA
163,Zacharie Pardey,zpardey4i@oakley.com,8/6/2022,38,Male,San Antonio,TX
164,Clair Lumb,clumb4j@uiuc.edu,3/25/2016,79,Male,Torrance,CA
165,Hakeem Housley,hhousley4k@slideshare.net,12/21/2011,25,Male,Milwaukee,WI
166,Jayme Elmhurst,jelmhurst4l@berkeley.edu,10/14/2022,26,Male,Dallas,TX
167,Shell Aggs,saggs4m@wunderground.com,9/1/2013,50,Male,West Palm Beach,FL
168,Estel Carbine,ecarbine4n@dyndns.org,8/9/2013,76,Female,Sarasota,FL
169,Stacee Quinnette,squinnette4o@techcrunch.com,4/25/2018,41,Female,New York City,NY
170,Starlin Cliffe,scliffe4p@bravesites.com,6/23/2018,69,Female,Omaha,NE
171,Susi Toolin,stoolin4q@intel.com,8/3/2019,48,Agender,Albany,NY
172,Gladi Race,grace4r@oracle.com,7/26/2022,53,Female,Denver,CO
173,Udale Grayne,ugrayne4s@house.gov,9/25/2022,29,Male,Dayton,OH
174,Tove Cabotto,tcabotto4t@mapy.cz,5/10/2019,77,Female,Lansing,MI
175,Marci Biglin,mbiglin4u@npr.org,1/10/2021,47,Female,San Antonio,TX
176,Portia Norwood,pnorwood4v@google.fr,12/30/2017,93,Female,Houston,TX
177,Con Travis,ctravis4w@wiley.com,9/4/2010,18,Female,Salt Lake City,UT
178,Killie Baugham,kbaugham4x@deviantart.com,8/29/2011,92,Male,San Diego,CA
179,Roddy Balassi,rbalassi4y@un.org,2/28/2015,68,Male,Irving,TX
180,Darnall Bootell,dbootell4z@4shared.com,3/29/2019,77,Male,Inglewood,CA
181,Starr Minero,sminero50@surveymonkey.com,8/27/2016,35,Female,Decatur,GA
182,Silvester Whitten,swhitten51@hubpages.com,3/23/2018,46,Male,Hartford,CT
183,Elmore Joost,ejoost52@dropbox.com,12/29/2017,75,Male,Charlotte,NC
184,Lezley Stendell,lstendell53@engadget.com,12/28/2015,100,Male,Pittsburgh,PA
185,Emmie Elacoate,eelacoate54@yellowpages.com,12/15/2017,32,Genderfluid,Houston,TX
186,Chad Tomkinson,ctomkinson55@dyndns.org,10/20/2013,93,Non-binary,Sacramento,CA
187,Krissy Stuchberry,kstuchberry56@fotki.com,1/27/2020,77,Female,Wichita,KS
188,Libby Durand,ldurand57@paypal.com,11/18/2015,24,Female,Erie,PA
189,Isabel Bickle,ibickle58@yellowpages.com,11/26/2021,77,Female,Denton,TX
190,Alphonso Waterhous,awaterhous59@wordpress.com,5/3/2017,80,Genderfluid,Los Angeles,CA
191,Rivalee Botten,rbotten5a@deliciousdays.com,6/5/2021,45,Female,Saint Louis,MO
192,Wilma Wagerfield,wwagerfield5b@free.fr,10/27/2013,50,Female,Kent,WA
193,Sheila-kathryn MacEvilly,smacevilly5c@com.com,8/1/2014,56,Female,Baltimore,MD
194,Jarid Presdie,jpresdie5d@state.tx.us,3/14/2014,57,Male,Charlotte,NC
195,Tucky Saphin,tsaphin5e@paypal.com,1/29/2011,73,Polygender,Houston,TX
196,Winfield Bugdale,wbugdale5f@etsy.com,6/12/2018,37,Male,San Diego,CA
197,Burg De Gouy,bde5g@creativecommons.org,8/23/2012,100,Male,Kansas City,MO
198,Charmian Goodier,cgoodier5h@hhs.gov,4/12/2021,21,Female,San Antonio,TX
199,Darren Karadzas,dkaradzas5i@nationalgeographic.com,5/28/2014,65,Male,Albany,NY
200,Taite Lumbers,tlumbers5j@purevolume.com,9/25/2012,59,Male,Des Moines,IA
201,Waldon Utting,wutting5k@cloudflare.com,7/13/2016,83,Male,Boise,ID
202,Bridgette Chisnell,bchisnell5l@google.co.uk,2/6/2011,96,Female,Atlanta,GA
203,Amalle Archer,aarcher5m@go.com,4/18/2014,96,Female,San Jose,CA
204,Sibyl Gazey,sgazey5n@canalblog.com,8/15/2011,50,Bigender,Oakland,CA
205,Oliy Jenckes,ojenckes5o@skype.com,7/7/2014,77,Female,Amarillo,TX
206,Robinett Challener,rchallener5p@china.com.cn,1/24/2010,76,Non-binary,El Paso,TX
207,Marlow Berthot,mberthot5q@theatlantic.com,11/15/2020,62,Male,Portland,OR
208,Terri Ferryn,tferryn5r@thetimes.co.uk,5/20/2017,90,Male,Las Vegas,NV
209,Caty Littrick,clittrick5s@statcounter.com,1/8/2016,100,Female,Charlotte,NC
210,Zorine Emsden,zemsden5t@seesaa.net,2/8/2016,27,Female,Los Angeles,CA
211,Trixi Simnell,tsimnell5u@patch.com,8/10/2011,85,Female,Kansas City,MO
212,Zared Bradforth,zbradforth5v@globo.com,1/26/2017,99,Male,Garland,TX
213,Jeni Kew,jkew5w@friendfeed.com,11/23/2016,94,Female,Rockford,IL
214,Verna Fissenden,vfissenden5x@tuttocitta.it,6/29/2022,52,Female,Macon,GA
215,Angy Allsobrook,aallsobrook5y@nhs.uk,3/15/2017,36,Female,Riverside,CA
216,Benedicto Muncaster,bmuncaster5z@gnu.org,10/12/2014,75,Male,Pasadena,CA
217,Lucas Spaughton,lspaughton60@infoseek.co.jp,1/25/2012,23,Male,Washington,DC
218,Alden Lacasa,alacasa61@deviantart.com,7/13/2014,51,Male,Dallas,TX
219,Nataniel Willcox,nwillcox62@jimdo.com,3/26/2020,40,Male,Atlanta,GA
220,Kelly McConigal,kmcconigal63@weibo.com,8/22/2018,42,Male,Amarillo,TX
221,Pieter Krolak,pkrolak64@nps.gov,9/6/2017,37,Male,Marietta,GA
222,Lee Hibling,lhibling65@google.co.jp,8/26/2021,44,Female,New Orleans,LA
223,Rozalin Keeling,rkeeling66@va.gov,7/10/2016,26,Non-binary,Denver,CO
224,Donni Sellick,dsellick67@surveymonkey.com,12/7/2018,88,Female,Memphis,TN
225,Shamus Carwardine,scarwardine68@virginia.edu,11/27/2014,75,Genderfluid,Newark,DE
226,Roderich Reboul,rreboul69@woothemes.com,3/9/2014,78,Male,Atlanta,GA
227,Hilario Buckeridge,hbuckeridge6a@apache.org,6/23/2010,49,Male,Pueblo,CO
228,Ainsley Dillestone,adillestone6b@washingtonpost.com,10/31/2012,62,Female,El Paso,TX
229,Rudolph Hanlin,rhanlin6c@indiegogo.com,1/8/2017,61,Male,Sacramento,CA
230,Ilene Hendrix,ihendrix6d@mashable.com,6/11/2016,95,Female,Fort Wayne,IN
231,Edik McNish,emcnish6e@ning.com,11/30/2021,31,Male,Detroit,MI
232,Wade Kauffman,wkauffman6f@cmu.edu,10/13/2020,77,Male,San Jose,CA
233,Karmen Sturges,ksturges6g@liveinternet.ru,11/19/2012,25,Polygender,Decatur,GA
234,Maynord Leser,mleser6h@chronoengine.com,12/31/2020,89,Male,Aurora,IL
235,Shamus Lannin,slannin6i@jigsy.com,10/20/2020,57,Male,Stockton,CA
236,Janeva Glasscock,jglasscock6j@hp.com,9/17/2020,51,Female,Omaha,NE
237,Berky Hopewell,bhopewell6k@mayoclinic.com,9/9/2018,89,Male,Watertown,MA
238,Shelia Lantiff,slantiff6l@sogou.com,3/4/2013,47,Female,Hamilton,OH
239,Hedy Buxsy,hbuxsy6m@chicagotribune.com,1/5/2021,79,Female,Austin,TX
240,Sollie Aggis,saggis6n@google.com.au,9/23/2010,82,Male,Salinas,CA
241,Mariya Jillett,mjillett6o@reverbnation.com,4/16/2021,96,Female,Washington,DC
242,Ezekiel Coolahan,ecoolahan6p@bravesites.com,12/24/2017,37,Male,Erie,PA
243,Arv Khotler,akhotler6q@cisco.com,2/9/2012,37,Male,Tampa,FL
244,Guido Parvin,gparvin6r@newsvine.com,12/3/2022,38,Male,Louisville,KY
245,Deena Gilvary,dgilvary6s@telegraph.co.uk,2/3/2017,96,Female,Manchester,NH
246,Darwin Styant,dstyant6t@cargocollective.com,9/9/2022,55,Male,Las Vegas,NV
247,Adolf Willets,awillets6u@fotki.com,12/17/2013,39,Male,Montgomery,AL
248,Clem Burgen,cburgen6v@theatlantic.com,7/11/2019,51,Male,Schenectady,NY
249,Henriette Bonehill,hbonehill6w@taobao.com,9/25/2012,69,Female,Youngstown,OH
250,Kipp Knapton,kknapton6x@tinypic.com,2/25/2019,22,Female,Sioux City,IA
251,Caryl Mannin,cmannin6y@bbb.org,9/28/2016,96,Female,El Paso,TX
252,Agata Walcar,awalcar6z@stanford.edu,7/7/2022,37,Female,Bradenton,FL
253,Meyer Granville,mgranville70@booking.com,5/14/2020,61,Male,Portland,OR
254,Olimpia Pinnell,opinnell71@sciencedirect.com,1/31/2012,60,Female,Saint Louis,MO
255,Alexis Wozencraft,awozencraft72@msn.com,3/11/2021,61,Male,San Jose,CA
256,Raffarty O'Hallihane,rohallihane73@illinois.edu,3/6/2013,18,Male,Peoria,AZ
257,Dominik Wiszniewski,dwiszniewski74@joomla.org,10/22/2015,78,Male,Los Angeles,CA
258,Noell MacAndreis,nmacandreis75@miibeian.gov.cn,11/20/2020,100,Female,Erie,PA
259,Innis Kmiec,ikmiec76@webeden.co.uk,12/29/2017,62,Male,Wichita,KS
260,Ann Jamson,ajamson77@infoseek.co.jp,4/10/2021,19,Female,Arlington,VA
261,Jayme Gudge,jgudge78@google.com.au,8/31/2021,82,Male,Washington,DC
262,Fidole Sayle,fsayle79@slate.com,6/25/2014,57,Male,Greenville,SC
263,Cristiano Stanbro,cstanbro7a@hud.gov,6/12/2020,59,Bigender,Austin,TX
264,Daffy Bardnam,dbardnam7b@shutterfly.com,11/29/2012,42,Female,Little Rock,AR
265,Nollie Kmieciak,nkmieciak7c@cam.ac.uk,3/7/2016,95,Male,Mobile,AL
266,Emmalynn Bellward,ebellward7d@home.pl,8/15/2011,64,Female,Boulder,CO
267,Brantley Rickertsen,brickertsen7e@deviantart.com,10/22/2019,61,Male,Anchorage,AK
268,Ebeneser Beiderbeck,ebeiderbeck7f@yale.edu,10/5/2020,61,Male,Seattle,WA
269,Rusty Littlekit,rlittlekit7g@timesonline.co.uk,10/1/2015,62,Male,San Francisco,CA
270,Esteban Arkwright,earkwright7h@creativecommons.org,9/29/2019,96,Male,Scottsdale,AZ
271,Edsel Breinl,ebreinl7i@oaic.gov.au,8/18/2017,100,Male,Muncie,IN
272,Abrahan Roskruge,aroskruge7j@spiegel.de,4/28/2012,51,Male,Des Moines,IA
273,Eldon Sorrel,esorrel7k@typepad.com,3/29/2011,49,Male,Greensboro,NC
274,Melodie Churchill,mchurchill7l@uol.com.br,9/28/2017,34,Agender,Sioux Falls,SD
275,Francklin Smillie,fsmillie7m@themeforest.net,11/9/2012,82,Male,Colorado Springs,CO
276,Mozelle Crock,mcrock7n@bbc.co.uk,2/20/2022,63,Female,Mobile,AL
277,Celia McLanachan,cmclanachan7o@europa.eu,1/10/2012,87,Female,Roanoke,VA
278,Broddie Beedham,bbeedham7p@webeden.co.uk,4/22/2018,42,Male,Flint,MI
279,Drake Caslake,dcaslake7q@google.fr,11/14/2015,44,Male,Anniston,AL
280,Madel Humerstone,mhumerstone7r@themeforest.net,2/6/2018,66,Female,Staten Island,NY
281,Kaile Bruineman,kbruineman7s@thetimes.co.uk,11/16/2016,100,Female,New York City,NY
282,Jeffrey Hagergham,jhagergham7t@disqus.com,10/25/2019,49,Male,Laurel,MD
283,Eliza Lidbetter,elidbetter7u@shareasale.com,9/17/2012,26,Female,Saint Joseph,MO
284,Barthel Stork,bstork7v@microsoft.com,4/1/2012,25,Non-binary,Oklahoma City,OK
285,Gallagher Sitwell,gsitwell7w@jigsy.com,7/18/2018,61,Male,Cincinnati,OH
286,Armstrong Yeld,ayeld7x@ifeng.com,5/2/2018,82,Agender,Lake Worth,FL
287,Deb Goldspink,dgoldspink7y@sphinn.com,9/3/2018,57,Female,New Orleans,LA
288,Josephina Caser,jcaser7z@wikimedia.org,10/16/2013,20,Female,Houston,TX
289,Mariana McCawley,mmccawley80@phpbb.com,1/12/2016,30,Female,Dallas,TX
290,Winifred Albasiny,walbasiny81@accuweather.com,3/22/2010,24,Female,Tucson,AZ
291,Anna-diane Elmer,aelmer82@ifeng.com,6/23/2018,93,Bigender,Mobile,AL
292,Rheta Alten,ralten83@blogtalkradio.com,8/17/2014,22,Female,Richmond,VA
293,Ofilia Newbigging,onewbigging84@digg.com,4/8/2014,25,Agender,Houston,TX
294,Zane Whitter,zwhitter85@github.io,8/16/2013,36,Male,Phoenix,AZ
295,Hadlee Van Son,hvan86@cafepress.com,4/30/2019,73,Male,Duluth,GA
296,Scarlett Deeney,sdeeney87@deviantart.com,9/11/2018,95,Female,Albuquerque,NM
297,Hyman Effnert,heffnert88@xrea.com,10/3/2011,93,Male,Oakland,CA
298,Euell Bramham,ebramham89@usatoday.com,7/3/2014,74,Genderfluid,Dallas,TX
299,Thalia Blankett,tblankett8a@phoca.cz,9/1/2021,65,Female,Denver,CO
300,Grant McCann,gmccann8b@cdbaby.com,8/8/2010,73,Male,San Bernardino,CA
301,Marty Bacher,mbacher8c@icio.us,8/24/2017,58,Female,Gulfport,MS
302,Retha Pacher,rpacher8d@illinois.edu,8/1/2018,55,Female,Saint Louis,MO
303,Casi Beeby,cbeeby8e@4shared.com,3/6/2020,66,Female,Pensacola,FL
304,Waylen Loftie,wloftie8f@guardian.co.uk,11/26/2014,18,Male,Columbia,SC
305,Giselbert Antoons,gantoons8g@stanford.edu,11/1/2017,98,Male,Houston,TX
306,Daphne Carragher,dcarragher8h@cdc.gov,1/27/2015,26,Genderfluid,San Mateo,CA
307,Cly Glavin,cglavin8i@arizona.edu,8/14/2010,59,Male,Nashville,TN
308,Rem Riepel,rriepel8j@bandcamp.com,5/30/2017,41,Male,Shawnee Mission,KS
309,Carson Liffey,cliffey8k@ucla.edu,8/20/2017,42,Male,Miami,FL
310,Ofella Pacquet,opacquet8l@dedecms.com,4/10/2011,86,Genderfluid,Peoria,AZ
311,Brandy Vasilov,bvasilov8m@google.com.au,5/2/2019,32,Female,New York City,NY
312,Yasmeen Gullan,ygullan8n@scientificamerican.com,5/13/2010,50,Female,Hayward,CA
313,Eal Markushkin,emarkushkin8o@army.mil,11/25/2014,67,Male,Washington,DC
314,Flossy Huxley,fhuxley8p@columbia.edu,5/14/2021,25,Female,Fayetteville,NC
315,Orren Gatland,ogatland8q@nasa.gov,7/7/2012,77,Male,Galveston,TX
316,Felita Knocker,fknocker8r@dot.gov,8/15/2020,35,Female,Memphis,TN
317,Odele Jarley,ojarley8s@addthis.com,3/28/2010,40,Female,Indianapolis,IN
318,Isidor Hull,ihull8t@shinystat.com,4/25/2017,63,Male,Racine,WI
319,Zeb Wilber,zwilber8u@seesaa.net,12/11/2018,100,Male,New York City,NY
320,Brodie Waplinton,bwaplinton8v@state.tx.us,10/14/2020,100,Male,Philadelphia,PA
321,Barron Arpin,barpin8w@webnode.com,10/22/2020,48,Polygender,Elmira,NY
322,Dorian McCadden,dmccadden8x@weather.com,9/26/2010,53,Female,Springfield,OH
323,Dougy Dedon,ddedon8y@clickbank.net,10/18/2014,19,Male,San Jose,CA
324,Herminia Eyles,heyles8z@smugmug.com,7/2/2013,32,Female,Springfield,IL
325,Ozzie Overill,ooverill90@exblog.jp,10/10/2019,78,Male,Houston,TX
326,Marietta Bosworth,mbosworth91@yahoo.co.jp,11/11/2020,47,Male,Bronx,NY
327,Tresa Tocqueville,ttocqueville92@wikia.com,4/21/2011,28,Female,Toledo,OH
328,Ingaborg Carme,icarme93@bigcartel.com,6/2/2017,77,Female,Reading,PA
329,Janet Leatham,jleatham94@lulu.com,6/19/2020,54,Female,Sacramento,CA
330,Leann Norcliff,lnorcliff95@apple.com,8/17/2019,48,Female,Des Moines,IA
331,Henri Bewshea,hbewshea96@blogtalkradio.com,9/20/2012,72,Male,Washington,DC
332,Cornie Holleworth,cholleworth97@reverbnation.com,8/3/2018,24,Female,Madison,WI
333,Thurston Dyter,tdyter98@nps.gov,1/17/2014,90,Male,Alexandria,LA
334,Batholomew Addess,baddess99@theglobeandmail.com,10/2/2016,78,Male,Denver,CO
335,Ermin Simeoli,esimeoli9a@networkadvertising.org,1/10/2014,70,Male,Wichita,KS
336,Brandie Velti,bvelti9b@wordpress.com,11/11/2022,23,Female,Kansas City,MO
337,Dud Yeudall,dyeudall9c@mac.com,5/18/2012,31,Male,Abilene,TX
338,Johannah Bordone,jbordone9d@baidu.com,7/12/2017,78,Female,New York City,NY
339,Mariam Franceschino,mfranceschino9e@github.com,3/11/2022,59,Female,Minneapolis,MN
340,Artair Reiner,areiner9f@t-online.de,12/19/2021,87,Genderqueer,Houston,TX
341,Ernst Castagnier,ecastagnier9g@usda.gov,5/7/2014,41,Male,Charlotte,NC
342,Emmanuel Langfat,elangfat9h@dailymotion.com,6/21/2013,39,Male,Los Angeles,CA
343,Arron Jedraszek,ajedraszek9i@dell.com,5/13/2016,58,Male,El Paso,TX
344,Sena Odams,sodams9j@accuweather.com,8/18/2016,66,Female,Macon,GA
345,Aggy Pill,apill9k@artisteer.com,9/26/2018,49,Female,Philadelphia,PA
346,Jeth Darbey,jdarbey9l@nifty.com,12/2/2018,87,Male,Fort Wayne,IN
347,Zeb Weald,zweald9m@chicagotribune.com,12/30/2013,81,Male,Northridge,CA
348,Tye Greenroa,tgreenroa9n@spotify.com,2/12/2015,55,Agender,Dallas,TX
349,Renaldo MacColm,rmaccolm9o@gravatar.com,2/4/2022,40,Male,Staten Island,NY
350,Hobie Pellman,hpellman9p@narod.ru,11/3/2011,85,Male,Garland,TX
351,Edita Alecock,ealecock9q@netvibes.com,9/3/2020,86,Non-binary,Scranton,PA
352,Konrad Bromehed,kbromehed9r@fema.gov,10/22/2017,47,Male,Washington,DC
353,Ugo Rewbottom,urewbottom9s@google.com.br,11/17/2019,51,Male,Jamaica,NY
354,Verena Oxberry,voxberry9t@fema.gov,11/27/2013,88,Female,Fort Worth,TX
355,Timoteo Sybbe,tsybbe9u@rakuten.co.jp,11/5/2018,31,Male,Roanoke,VA
356,Ramona Sandys,rsandys9v@cnbc.com,8/3/2013,86,Female,Burbank,CA
357,Robin MacBey,rmacbey9w@java.com,5/19/2015,94,Female,Kent,WA
358,Millie Stansell,mstansell9x@facebook.com,10/17/2016,68,Female,Northridge,CA
359,Carlina Wildes,cwildes9y@xrea.com,5/12/2021,75,Female,Tucson,AZ
360,Liam Timpany,ltimpany9z@google.it,2/2/2021,40,Male,Hamilton,OH
361,Angy Fink,afinka0@goo.gl,12/4/2022,47,Female,Dallas,TX
362,Rodi Fountain,rfountaina1@discovery.com,2/10/2022,44,Female,Pittsburgh,PA
363,Hattie Kuhlmey,hkuhlmeya2@wikispaces.com,5/4/2020,23,Female,Houston,TX
364,Anna Raulin,araulina3@live.com,12/10/2014,43,Female,Hialeah,FL
365,Cymbre Arrault,carraulta4@adobe.com,5/10/2019,18,Female,Warren,OH
366,Ivor Meeus,imeeusa5@sfgate.com,9/3/2015,58,Male,Grand Rapids,MI
367,Major Akess,makessa6@yale.edu,3/11/2014,76,Male,Minneapolis,MN
368,Inglebert O'Shea,iosheaa7@spiegel.de,8/30/2021,21,Male,Stockton,CA
369,Parry Isgate,pisgatea8@purevolume.com,11/23/2014,68,Male,Richmond,VA
370,Renato Burchfield,rburchfielda9@trellian.com,10/20/2011,96,Male,Colorado Springs,CO
371,Kaleena Sanbrook,ksanbrookaa@va.gov,9/15/2018,48,Female,Washington,DC
372,Kimberli Corris,kcorrisab@rambler.ru,5/13/2018,46,Female,Brooklyn,NY
373,Alida Veschambre,aveschambreac@goo.gl,10/15/2011,70,Female,High Point,NC
374,Cindelyn Trathen,ctrathenad@scribd.com,10/15/2016,54,Female,Salt Lake City,UT
375,Matelda Craney,mcraneyae@nymag.com,6/8/2020,93,Female,Washington,DC
376,Teodor Raysdale,traysdaleaf@dion.ne.jp,11/10/2013,34,Male,Peoria,IL
377,Carlee Penhallurick,cpenhallurickag@mayoclinic.com,6/14/2012,72,Female,Bronx,NY
378,Shermy Westnedge,swestnedgeah@wix.com,6/22/2022,28,Male,Birmingham,AL
379,Rutter Denslow,rdenslowai@huffingtonpost.com,5/22/2020,75,Male,Concord,CA
380,Rudiger Symms,rsymmsaj@histats.com,5/5/2017,27,Male,Durham,NC
381,Joey Snoxall,jsnoxallak@hugedomains.com,5/17/2010,32,Male,Boston,MA
382,Collin Altoft,caltoftal@bbb.org,6/26/2017,61,Male,Virginia Beach,VA
383,Tanner Capponeer,tcapponeeram@china.com.cn,6/13/2020,33,Male,Hartford,CT
384,Mannie Pratton,mprattonan@hud.gov,9/11/2019,47,Male,Houston,TX
385,Erhard Landman,elandmanao@nih.gov,12/25/2019,96,Male,Manchester,NH
386,Lynett Gisbye,lgisbyeap@t.co,12/7/2011,80,Genderfluid,San Antonio,TX
387,Keary Uzelli,kuzelliaq@amazon.co.uk,8/17/2017,31,Male,Pittsburgh,PA
388,Linda Hazart,lhazartar@arstechnica.com,7/9/2016,29,Female,San Diego,CA
389,Alaric Kremer,akremeras@sun.com,7/1/2022,71,Male,Pittsburgh,PA
390,Leanna Panchin,lpanchinat@webnode.com,1/21/2015,21,Female,Richmond,VA
391,Godart Dartnell,gdartnellau@sina.com.cn,12/21/2013,23,Male,Richmond,VA
392,Adrian Rosenblad,arosenbladav@yandex.ru,5/5/2016,42,Genderfluid,Saint Louis,MO
393,Yevette Lerer,ylereraw@si.edu,6/28/2011,64,Female,Grand Rapids,MI
394,Dag Fernely,dfernelyax@comsenz.com,1/22/2018,86,Male,Boise,ID
395,Dorthea Fann,dfannay@uiuc.edu,6/1/2015,82,Female,Lincoln,NE
396,Delora Richin,drichinaz@mozilla.com,8/31/2014,81,Female,Las Vegas,NV
397,Ichabod Knevit,iknevitb0@networkadvertising.org,9/8/2022,41,Male,Toledo,OH
398,Barry Lumber,blumberb1@ning.com,6/9/2011,31,Male,Baltimore,MD
399,Dur Heliet,dhelietb2@opensource.org,6/9/2020,48,Male,Roanoke,VA
400,Juanita Frankum,jfrankumb3@apache.org,8/21/2010,19,Female,Houston,TX
401,Lilllie Stapels,lstapelsb4@aboutads.info,4/16/2018,29,Female,Irving,TX
402,Daveta Lening,dleningb5@howstuffworks.com,7/20/2018,34,Female,Lansing,MI
403,Perla Luckcuck,pluckcuckb6@oakley.com,1/9/2019,85,Female,Orlando,FL
404,Adelbert Corry,acorryb7@amazon.co.jp,1/23/2022,35,Male,Washington,DC
405,Brett McGregor,bmcgregorb8@taobao.com,11/26/2012,94,Male,Peoria,AZ
406,Jobyna MacFadzean,jmacfadzeanb9@twitpic.com,7/16/2017,58,Female,Anchorage,AK
407,Irina Croix,icroixba@weibo.com,6/19/2014,87,Female,Louisville,KY
408,Aaren Ravillas,aravillasbb@cloudflare.com,12/5/2016,30,Female,Dallas,TX
409,Zabrina Sibbald,zsibbaldbc@geocities.com,11/4/2013,36,Female,Saint Cloud,MN
410,Barbie Broinlich,bbroinlichbd@usda.gov,3/24/2016,32,Female,Washington,DC
411,Johny Delacourt,jdelacourtbe@woothemes.com,1/6/2019,75,Male,Springfield,MO
412,Aindrea Dearden,adeardenbf@cnet.com,6/12/2012,70,Female,Kingsport,TN
413,Angie Burgisi,aburgisibg@sogou.com,7/11/2019,62,Female,Pasadena,CA
414,Sergei MacCarrane,smaccarranebh@hp.com,12/2/2021,57,Male,Roanoke,VA
415,Giavani Dunkerley,gdunkerleybi@discuz.net,5/18/2020,44,Male,Washington,DC
416,Tremaine Vedekhov,tvedekhovbj@delicious.com,9/6/2020,99,Male,Houston,TX
417,Domingo Lambrick,dlambrickbk@issuu.com,3/3/2015,99,Male,Washington,DC
418,Pearla Umpleby,pumplebybl@spotify.com,2/3/2010,55,Female,San Diego,CA
419,Kliment Tezure,ktezurebm@timesonline.co.uk,5/31/2018,22,Male,Fullerton,CA
420,Marthe Bussell,mbussellbn@multiply.com,12/11/2019,29,Female,Cape Coral,FL
421,Ambrosio Stapylton,astapyltonbo@deliciousdays.com,7/15/2013,94,Male,Richmond,VA
422,Beverlie Duffell,bduffellbp@opera.com,12/16/2022,88,Female,Roanoke,VA
423,Ernest Tomkys,etomkysbq@soup.io,10/1/2013,80,Male,Santa Ana,CA
424,Cordelie Fernao,cfernaobr@macromedia.com,7/16/2021,60,Female,Long Beach,CA
425,Orran Bumpas,obumpasbs@wordpress.com,6/17/2018,85,Male,Bakersfield,CA
426,Elfrida Colclough,ecolcloughbt@google.it,3/19/2018,22,Female,New York City,NY
427,Tomasine Dumpleton,tdumpletonbu@sakura.ne.jp,4/5/2018,22,Female,Pittsburgh,PA
428,Warren Ivatt,wivattbv@photobucket.com,5/18/2013,54,Male,Los Angeles,CA
429,Kendall Marquand,kmarquandbw@abc.net.au,6/21/2020,20,Male,Seattle,WA
430,Minta Trevains,mtrevainsbx@com.com,1/26/2018,60,Female,Pasadena,CA
431,Alden Hagger,ahaggerby@xinhuanet.com,12/22/2022,33,Male,Staten Island,NY
432,Margareta Stratiff,mstratiffbz@phpbb.com,9/11/2019,95,Female,Orlando,FL
433,Millicent Goomes,mgoomesc0@elpais.com,2/16/2020,90,Female,Newport News,VA
434,Marcellina Haacker,mhaackerc1@1688.com,5/27/2010,100,Female,Richmond,VA
435,Lorne Lees,lleesc2@multiply.com,6/4/2010,59,Male,New York City,NY
436,Oriana Salmoni,osalmonic3@blogs.com,9/8/2020,80,Female,San Jose,CA
437,Carissa Edghinn,cedghinnc4@biblegateway.com,2/20/2022,61,Female,Albany,NY
438,Elissa Jirieck,ejirieckc5@com.com,8/11/2013,97,Female,Bakersfield,CA
439,Niko Bootell,nbootellc6@reddit.com,7/15/2013,22,Male,Milwaukee,WI
440,Chicky McKeurton,cmckeurtonc7@bluehost.com,12/28/2018,39,Male,Boynton Beach,FL
441,Andi Garn,agarnc8@blogspot.com,9/24/2021,34,Female,Wichita,KS
442,Cly MacIlwrick,cmacilwrickc9@ezinearticles.com,1/31/2011,100,Male,Virginia Beach,VA
443,Marsha Witherup,mwitherupca@yale.edu,8/3/2019,71,Female,Norcross,GA
444,Baillie Pickston,bpickstoncb@businessinsider.com,11/7/2011,73,Male,Washington,DC
445,Egor Walcher,ewalchercc@nyu.edu,5/21/2010,85,Male,Berkeley,CA
446,Dewie Kornilov,dkornilovcd@washingtonpost.com,10/15/2018,93,Genderfluid,Memphis,TN
447,Briana Krzyzowski,bkrzyzowskice@time.com,7/11/2010,69,Female,San Diego,CA
448,Babb Caudwell,bcaudwellcf@opensource.org,6/3/2015,78,Female,Detroit,MI
449,Goober Keats,gkeatscg@meetup.com,9/25/2013,98,Male,Spring,TX
450,Dru Dowsey,ddowseych@blogtalkradio.com,11/9/2011,23,Female,New Orleans,LA
451,Tamarra Lomax,tlomaxci@cmu.edu,3/14/2018,82,Female,Dallas,TX
452,Nobie Kolakowski,nkolakowskicj@histats.com,4/2/2011,97,Male,Kansas City,MO
453,Octavia Forsard,oforsardck@reverbnation.com,5/9/2013,39,Female,Charleston,WV
454,Dale Von Der Empten,dvoncl@utexas.edu,4/15/2021,94,Male,Phoenix,AZ
455,Antony Dransfield,adransfieldcm@oakley.com,9/14/2019,33,Male,Wilkes Barre,PA
456,Sigismund Fleming,sflemingcn@tripadvisor.com,9/28/2016,24,Male,Springfield,IL
457,Lay Nell,lnellco@cbsnews.com,3/7/2013,96,Male,Orlando,FL
458,Ax Braybrooke,abraybrookecp@squidoo.com,5/11/2015,27,Male,Miami,FL
459,Pauly Nairns,pnairnscq@europa.eu,9/26/2013,99,Male,San Francisco,CA
460,Nichol Camplin,ncamplincr@microsoft.com,6/24/2016,43,Female,San Diego,CA
461,Petronia McGarvey,pmcgarveycs@ocn.ne.jp,4/23/2022,26,Genderqueer,Las Vegas,NV
462,Rosana Marriage,rmarriagect@gmpg.org,7/22/2016,52,Female,Boynton Beach,FL
463,Maurizio De Micoli,mdecu@gnu.org,9/9/2017,57,Male,Staten Island,NY
464,Marylee Polsin,mpolsincv@tuttocitta.it,4/19/2010,38,Bigender,Lake Charles,LA
465,Elroy Fogt,efogtcw@sciencedaily.com,10/31/2015,26,Male,Richmond,CA
466,Yelena Aiton,yaitoncx@eepurl.com,11/6/2016,80,Female,Santa Barbara,CA
467,Garrott Lozano,glozanocy@rambler.ru,9/2/2012,59,Male,Brooklyn,NY
468,Rufus Judkins,rjudkinscz@aboutads.info,6/2/2015,82,Male,Fort Worth,TX
469,Happy Longbone,hlongboned0@adobe.com,8/1/2020,59,Female,San Jose,CA
470,Laure Basketfield,lbasketfieldd1@exblog.jp,11/10/2015,32,Female,Columbus,MS
471,Daniela Shiel,dshield2@pen.io,5/8/2016,52,Female,Miami,FL
472,Chryste Beardwood,cbeardwoodd3@washington.edu,5/7/2010,46,Female,Roanoke,VA
473,Lacie Boyack,lboyackd4@auda.org.au,11/14/2017,26,Female,Kansas City,KS
474,Jena Locker,jlockerd5@yellowbook.com,4/19/2011,98,Female,Los Angeles,CA
475,Ainslie Dubock,adubockd6@bluehost.com,7/18/2013,55,Female,Nashville,TN
476,Orly Teal,oteald7@weather.com,8/14/2013,70,Polygender,Silver Spring,MD
477,Ellynn Bruneau,ebruneaud8@indiatimes.com,9/20/2010,75,Female,Brooksville,FL
478,Schuyler Hudson,shudsond9@cafepress.com,4/25/2020,67,Male,Waterbury,CT
479,Merwyn Broadstock,mbroadstockda@stanford.edu,3/5/2012,81,Male,Austin,TX
480,Tommy L'oiseau,tloiseaudb@oaic.gov.au,8/14/2014,93,Female,Hartford,CT
481,Solomon McPeake,smcpeakedc@about.me,1/9/2014,92,Male,Tulsa,OK
482,Porter Domenici,pdomenicidd@dagondesign.com,4/4/2018,82,Male,Dulles,VA
483,Viviene Skotcher,vskotcherde@newsvine.com,1/4/2011,22,Female,Wilmington,DE
484,Nana Osmant,nosmantdf@last.fm,12/23/2022,56,Female,Yonkers,NY
485,Jarret Rea,jreadg@cafepress.com,6/28/2016,81,Male,New York City,NY
486,Bonita Copeland,bcopelanddh@wiley.com,11/20/2015,60,Female,Fullerton,CA
487,Lizzie Varcoe,lvarcoedi@ftc.gov,9/13/2011,76,Genderfluid,Little Rock,AR
488,Euell Heatley,eheatleydj@nhs.uk,9/27/2021,39,Male,Charlotte,NC
489,Tiffi Langridge,tlangridgedk@zdnet.com,5/28/2015,66,Female,Columbus,OH
490,Berti Esson,bessondl@wsj.com,5/4/2022,26,Female,Dallas,TX
491,Zared Fothergill,zfothergilldm@usatoday.com,6/5/2018,99,Male,Erie,PA
492,Wilona Livingstone,wlivingstonedn@addtoany.com,10/21/2010,70,Female,Detroit,MI
493,Hal Hardwell,hhardwelldo@google.de,9/28/2010,85,Male,San Francisco,CA
494,Lewes Skoggins,lskogginsdp@chron.com,4/6/2012,60,Male,Youngstown,OH
495,Llewellyn Axby,laxbydq@businessinsider.com,12/8/2013,93,Male,Prescott,AZ
496,Sheree Slide,sslidedr@skype.com,12/15/2022,85,Female,Huntington,WV
497,Derron Loyley,dloyleyds@smugmug.com,7/31/2010,97,Male,Saint Louis,MO
498,Reba Askwith,raskwithdt@scribd.com,4/6/2020,85,Female,Miami,FL
499,Benedicto Jesty,bjestydu@cnet.com,5/2/2012,25,Male,Sacramento,CA
500,Hally Edeson,hedesondv@wikispaces.com,4/25/2018,99,Female,Peoria,IL
501,Florella Lofting,floftingdw@hubpages.com,2/6/2010,59,Female,Saint Petersburg,FL
502,Chloe Josselsohn,cjosselsohndx@sakura.ne.jp,8/30/2015,96,Female,Huntington,WV
503,Winifred Entwisle,wentwisledy@comsenz.com,6/19/2016,30,Female,Portland,OR
504,Laurent Beaudry,lbeaudrydz@mozilla.com,12/14/2011,73,Male,Winston Salem,NC
505,Gertruda Hall-Gough,ghallgoughe0@delicious.com,12/10/2016,73,Female,Staten Island,NY
506,Emili Bailles,ebaillese1@parallels.com,4/10/2017,74,Female,Sacramento,CA
507,Maire Dudeney,mdudeneye2@time.com,2/8/2013,60,Female,Austin,TX
508,Kurt Hulks,khulkse3@cnbc.com,4/5/2010,43,Male,Atlanta,GA
509,Gabriele Murrthum,gmurrthume4@free.fr,9/15/2022,47,Male,Memphis,TN
510,Felecia Izachik,fizachike5@icio.us,10/16/2010,71,Female,Denver,CO
511,Rodney Kidby,rkidbye6@google.pl,11/1/2016,38,Male,San Jose,CA
512,Dagmar Brawley,dbrawleye7@phpbb.com,5/7/2020,94,Female,New Orleans,LA
513,Galven Stacey,gstaceye8@exblog.jp,3/22/2016,95,Male,Tulsa,OK
514,Margarete Gilfillan,mgilfillane9@qq.com,12/1/2013,76,Female,Rochester,NY
515,Hildagard Note,hnoteea@yellowpages.com,10/29/2019,92,Female,New Orleans,LA
516,Aldrich Woodage,awoodageeb@naver.com,7/1/2018,26,Male,Sarasota,FL
517,Coralyn Porkiss,cporkissec@dailymotion.com,12/14/2011,47,Female,Washington,DC
518,Stavros Thorold,sthorolded@webeden.co.uk,6/9/2015,92,Male,Nashville,TN
519,Suzie Pavel,spavelee@google.nl,12/27/2018,45,Female,Silver Spring,MD
520,Bridgette Huggard,bhuggardef@naver.com,1/16/2018,84,Female,White Plains,NY
521,Merna Calton,mcaltoneg@ebay.com,5/21/2017,58,Female,Suffolk,VA
522,Cate Barstowk,cbarstowkeh@yandex.ru,3/19/2015,67,Female,Reston,VA
523,Emili Viggers,eviggersei@over-blog.com,7/31/2012,26,Female,Orlando,FL
524,Christalle Savege,csavegeej@tinyurl.com,2/28/2013,93,Female,Miami,FL
525,Allene Daskiewicz,adaskiewiczek@epa.gov,7/4/2019,70,Female,Arlington,TX
526,Annaliese Eul,aeulel@usatoday.com,9/17/2012,42,Female,San Antonio,TX
527,Devi MacMaykin,dmacmaykinem@huffingtonpost.com,12/17/2022,38,Female,Evansville,IN
528,Haleigh Dannohl,hdannohlen@washington.edu,8/17/2015,83,Female,Champaign,IL
529,Guss Lloyd-Williams,glloydwilliamseo@loc.gov,4/6/2019,54,Male,Asheville,NC
530,Ilka Thome,ithomeep@hhs.gov,2/10/2021,72,Female,Naples,FL
531,Kenna Murrell,kmurrelleq@imdb.com,3/20/2014,21,Polygender,Lubbock,TX
532,Mozes Heister,mheisterer@cisco.com,5/26/2018,94,Male,San Francisco,CA
533,Tatiania Borrott,tborrottes@ameblo.jp,1/14/2020,41,Female,Peoria,IL
534,Gallagher Abdee,gabdeeet@amazon.com,11/9/2022,29,Male,Boulder,CO
535,Free Tredwell,ftredwelleu@youtube.com,12/22/2010,75,Genderfluid,Washington,DC
536,Shanna Poulney,spoulneyev@liveinternet.ru,6/3/2011,60,Female,Mobile,AL
537,Hermann Chisnall,hchisnallew@opensource.org,7/30/2010,95,Male,Charleston,SC
538,Minni Leasor,mleasorex@businessweek.com,2/11/2013,62,Female,Albany,NY
539,Cameron Tames,ctamesey@japanpost.jp,2/8/2022,38,Bigender,Sioux Falls,SD
540,Duane Runacres,drunacresez@infoseek.co.jp,2/22/2018,67,Male,Milwaukee,WI
541,Fredia Bleesing,fbleesingf0@sphinn.com,8/17/2015,54,Female,Orange,CA
542,Sim Buckbee,sbuckbeef1@feedburner.com,1/21/2011,94,Male,Texarkana,TX
543,Billie Bewshaw,bbewshawf2@xrea.com,10/19/2017,94,Male,Atlanta,GA
544,Caralie Stainfield,cstainfieldf3@ebay.com,6/5/2013,39,Female,Raleigh,NC
545,Nicky Dunnet,ndunnetf4@purevolume.com,12/26/2014,80,Female,Stockton,CA
546,Allard Guswell,aguswellf5@spotify.com,7/4/2018,78,Male,Memphis,TN
547,Anselma Matskevich,amatskevichf6@irs.gov,11/4/2019,83,Genderqueer,Richmond,VA
548,Kirk Beri,kberif7@yahoo.co.jp,3/8/2013,67,Male,Des Moines,IA
549,Kathye Barnwill,kbarnwillf8@berkeley.edu,9/24/2016,22,Female,Jacksonville,FL
550,Cherice Bottoms,cbottomsf9@merriam-webster.com,7/25/2021,30,Female,Oklahoma City,OK
551,Lory Oakes,loakesfa@bloglovin.com,1/22/2019,100,Female,Arlington,TX
552,Berry Mc Elory,bmcfb@ft.com,7/19/2022,95,Non-binary,Las Vegas,NV
553,Marius Angood,mangoodfc@toplist.cz,12/23/2016,20,Male,Indianapolis,IN
554,Kirby Irwin,kirwinfd@gnu.org,6/19/2015,94,Female,Nashville,TN
555,Maury Glascott,mglascottfe@bing.com,1/7/2022,65,Male,San Diego,CA
556,Byran Fuller,bfullerff@amazon.co.jp,3/31/2021,67,Male,Spring,TX
557,Edgard Collyear,ecollyearfg@slideshare.net,9/30/2015,53,Male,Austin,TX
558,Hermina Bratty,hbrattyfh@shop-pro.jp,5/27/2016,33,Female,Philadelphia,PA
559,Galina Pavier,gpavierfi@webmd.com,1/17/2012,91,Agender,Charlotte,NC
560,Helena Olexa,holexafj@psu.edu,4/28/2022,25,Female,Des Moines,IA
561,Mose Symonds,msymondsfk@51.la,4/9/2022,77,Male,Newark,DE
562,Wendi Grayley,wgrayleyfl@amazonaws.com,6/26/2020,42,Female,Pittsburgh,PA
563,Jessalyn Denk,jdenkfm@imgur.com,3/26/2019,84,Female,Boston,MA
564,Mendy Newbigging,mnewbiggingfn@berkeley.edu,11/23/2010,64,Male,Bradenton,FL
565,Hewet Touret,htouretfo@dropbox.com,2/15/2011,100,Male,Tulsa,OK
566,Lynea Mahedy,lmahedyfp@amazon.co.uk,11/30/2020,20,Female,Birmingham,AL
567,Pauletta Luppitt,pluppittfq@woothemes.com,10/2/2015,46,Female,Hartford,CT
568,Amaleta Fullilove,afullilovefr@examiner.com,3/27/2012,22,Female,Cedar Rapids,IA
569,Emmet Martill,emartillfs@i2i.jp,3/6/2018,72,Bigender,San Francisco,CA
570,Lin Shellibeer,lshellibeerft@google.es,6/10/2021,42,Male,Bryan,TX
571,Marcela Tocqueville,mtocquevillefu@auda.org.au,11/24/2014,21,Female,Charleston,WV
572,Karlotta Duchan,kduchanfv@addtoany.com,7/14/2022,79,Female,Sacramento,CA
573,Denney Feuell,dfeuellfw@businessweek.com,2/10/2013,90,Male,Fort Lauderdale,FL
574,Odelinda Fergie,ofergiefx@oakley.com,3/14/2018,47,Female,Tampa,FL
575,Yancy Mussen,ymussenfy@microsoft.com,2/16/2019,30,Male,Toledo,OH
576,Bear Oulett,boulettfz@bloglines.com,6/29/2019,91,Male,Peoria,IL
577,Morgan Ashtonhurst,mashtonhurstg0@narod.ru,3/26/2021,44,Male,Portsmouth,VA
578,Gabi Pamplin,gpampling1@google.com.au,9/7/2011,69,Female,Baltimore,MD
579,Marsiella Suter,msuterg2@pen.io,5/28/2020,41,Female,Saint Paul,MN
580,Alfons Bullent,abullentg3@boston.com,5/6/2017,67,Male,Indianapolis,IN
581,Tarrance Lovitt,tlovittg4@pcworld.com,9/26/2021,25,Male,Miami,FL
582,Fitzgerald McBeath,fmcbeathg5@csmonitor.com,4/5/2014,62,Male,El Paso,TX
583,Shani McGaughey,smcgaugheyg6@bizjournals.com,7/5/2016,33,Female,Anaheim,CA
584,Iolande Etoile,ietoileg7@zdnet.com,9/1/2010,79,Female,San Francisco,CA
585,Emylee Breward,ebrewardg8@4shared.com,12/11/2019,79,Female,Fort Lauderdale,FL
586,Imogene Postance,ipostanceg9@umich.edu,8/18/2019,31,Female,Carlsbad,CA
587,Jerri MacClinton,jmacclintonga@paypal.com,4/22/2017,36,Male,San Antonio,TX
588,Jazmin O'Giany,jogianygb@hexun.com,1/16/2022,48,Female,Montgomery,AL
589,Romona Gedney,rgedneygc@techcrunch.com,11/5/2015,81,Female,Alexandria,LA
590,Gregoor Rallin,grallingd@oracle.com,10/14/2011,94,Male,Philadelphia,PA
591,Rocky Trenoweth,rtrenowethge@hhs.gov,7/15/2018,54,Male,Raleigh,NC
592,Carlie Domenichelli,cdomenichelligf@bloglines.com,12/26/2016,76,Male,Dulles,VA
593,Leandra Huyge,lhuygegg@pinterest.com,2/5/2015,71,Genderfluid,Irvine,CA
594,Alphonse Licari,alicarigh@instagram.com,9/18/2017,67,Male,Lancaster,PA
595,Rees Malamore,rmalamoregi@dagondesign.com,8/5/2019,47,Male,Kansas City,MO
596,Rakel Verrall,rverrallgj@flavors.me,2/24/2011,47,Female,Chicago,IL
597,Rafaello Smolan,rsmolangk@clickbank.net,4/26/2016,85,Male,Seattle,WA
598,Lucretia Todman,ltodmangl@wsj.com,10/24/2022,26,Female,Paterson,NJ
599,Emery Lidbetter,elidbettergm@comsenz.com,10/13/2015,57,Male,Albany,GA
600,Gregg Sambells,gsambellsgn@bbc.co.uk,4/25/2012,67,Male,San Diego,CA
601,Evangelia Crucetti,ecrucettigo@chron.com,3/22/2022,30,Female,Columbia,MO
602,Lorelle Mueller,lmuellergp@fotki.com,1/12/2022,48,Female,Pittsburgh,PA
603,Tucky Lakes,tlakesgq@jimdo.com,6/28/2014,55,Male,Harrisburg,PA
604,Betta Younghusband,byounghusbandgr@utexas.edu,7/20/2020,99,Female,Metairie,LA
605,Claiborne Kidsley,ckidsleygs@phoca.cz,4/14/2017,69,Male,Dayton,OH
606,Vidovik Merfin,vmerfingt@dagondesign.com,7/16/2018,87,Male,Philadelphia,PA
607,Lesli Cavaney,lcavaneygu@fda.gov,4/28/2021,62,Female,Des Moines,IA
608,Jojo Moverley,jmoverleygv@acquirethisname.com,2/25/2016,68,Female,Salem,OR
609,Stephanus Stonehewer,sstonehewergw@sciencedaily.com,1/24/2019,84,Male,Los Angeles,CA
610,Brice Dillaway,bdillawaygx@admin.ch,4/2/2012,39,Male,Staten Island,NY
611,Grant Zettoi,gzettoigy@upenn.edu,2/25/2014,90,Male,Mobile,AL
612,Elvis Beverstock,ebeverstockgz@indiatimes.com,1/12/2010,67,Male,Santa Fe,NM
613,Angel Smurfitt,asmurfitth0@hhs.gov,11/27/2018,22,Female,Memphis,TN
614,Cristionna Strognell,cstrognellh1@privacy.gov.au,10/2/2013,66,Female,Wichita,KS
615,Edgar Fernanando,efernanandoh2@comsenz.com,8/17/2015,84,Male,Chico,CA
616,Jaquith Ferriby,jferribyh3@oaic.gov.au,3/29/2022,71,Female,Saint Louis,MO
617,Winnie Daley,wdaleyh4@yahoo.com,11/13/2013,24,Male,Woburn,MA
618,Agnese Kestell,akestellh5@1688.com,12/22/2020,70,Female,Indianapolis,IN
619,Maryann Wherton,mwhertonh6@devhub.com,5/10/2015,38,Female,Atlanta,GA
620,Darn Sidwell,dsidwellh7@harvard.edu,4/1/2015,100,Polygender,San Jose,CA
621,Milton O'Sherin,mosherinh8@noaa.gov,1/30/2019,39,Male,Chicago,IL
622,Palm Cockrell,pcockrellh9@un.org,7/19/2012,55,Male,Nashville,TN
623,Dion Kiljan,dkiljanha@zimbio.com,9/5/2010,55,Male,Newark,DE
624,Even Musgrave,emusgravehb@springer.com,8/26/2017,30,Male,West Palm Beach,FL
625,Minta Espadas,mespadashc@cnn.com,4/3/2010,19,Female,New York City,NY
626,Alva Mould,amouldhd@pbs.org,2/21/2010,18,Male,Evansville,IN
627,Livvyy O'Hannay,lohannayhe@unicef.org,9/14/2015,47,Polygender,Sioux City,IA
628,Myron Dodsworth,mdodsworthhf@photobucket.com,10/8/2021,67,Male,Lexington,KY
629,Danika Morrall,dmorrallhg@cisco.com,5/8/2013,51,Female,El Paso,TX
630,Belicia Guitt,bguitthh@fastcompany.com,3/24/2015,63,Female,Tyler,TX
631,Quentin Hartshorn,qhartshornhi@storify.com,1/10/2016,22,Male,Ogden,UT
632,Rustie Gristhwaite,rgristhwaitehj@illinois.edu,2/29/2016,81,Male,Charleston,SC
633,Fran O'Neill,foneillhk@rambler.ru,4/22/2019,63,Male,Arvada,CO
634,Mercedes Lewsey,mlewseyhl@jimdo.com,10/19/2013,31,Female,New York City,NY
635,Barth Standen,bstandenhm@businessweek.com,5/6/2019,82,Male,Augusta,GA
636,Elinor Myton,emytonhn@webmd.com,6/1/2011,55,Female,Philadelphia,PA
637,Conn MacGow,cmacgowho@angelfire.com,10/20/2016,38,Male,Nashville,TN
638,Datha McVeigh,dmcveighhp@last.fm,8/9/2018,28,Female,Pittsburgh,PA
639,Edy Bradden,ebraddenhq@nhs.uk,9/16/2018,69,Female,Simi Valley,CA
640,Tobi Fitchell,tfitchellhr@elegantthemes.com,9/22/2010,93,Female,Jersey City,NJ
641,Job Mansion,jmansionhs@blog.com,1/22/2019,91,Agender,Washington,DC
642,Garry Perrigo,gperrigoht@com.com,7/4/2022,33,Male,Bronx,NY
643,Frannie Tills,ftillshu@shop-pro.jp,2/17/2014,98,Male,Young America,MN
644,Pascal Denty,pdentyhv@google.it,3/4/2015,21,Male,Hartford,CT
645,Stanislaw Sargent,ssargenthw@shinystat.com,10/12/2020,37,Non-binary,San Jose,CA
646,Rosene Tresise,rtresisehx@sphinn.com,5/21/2017,71,Female,Mesa,AZ
647,Chad Netti,cnettihy@cisco.com,10/21/2012,67,Genderfluid,Buffalo,NY
648,Burgess Cheesley,bcheesleyhz@geocities.com,10/20/2018,49,Male,Worcester,MA
649,Bathsheba Snoddon,bsnoddoni0@symantec.com,9/1/2020,74,Female,Boise,ID
650,Randell Lankford,rlankfordi1@unicef.org,8/17/2018,89,Male,Milwaukee,WI
651,Mariya Verlinde,mverlindei2@angelfire.com,8/3/2021,89,Female,Lake Charles,LA
652,Rochester Strangeways,rstrangewaysi3@slate.com,3/30/2019,69,Male,Mobile,AL
653,Aloysius Rodnight,arodnighti4@shareasale.com,11/9/2012,31,Male,Philadelphia,PA
654,Mildred Kelberman,mkelbermani5@berkeley.edu,1/4/2015,93,Female,Harrisburg,PA
655,Antonetta Harewood,aharewoodi6@icq.com,5/28/2013,24,Female,Chula Vista,CA
656,Eudora Dow,edowi7@arizona.edu,9/2/2019,24,Agender,Birmingham,AL
657,Faye Needs,fneedsi8@auda.org.au,8/17/2018,52,Female,Buffalo,NY
658,Town Duker,tdukeri9@marketwatch.com,2/13/2017,28,Male,Saint Paul,MN
659,Hastie Pleat,hpleatia@google.ca,7/10/2022,84,Male,Clearwater,FL
660,Bill Kopelman,bkopelmanib@tinypic.com,10/29/2011,66,Male,Indianapolis,IN
661,Harv Ewbanks,hewbanksic@technorati.com,5/13/2011,99,Male,Topeka,KS
662,Charla Rawstorn,crawstornid@auda.org.au,9/25/2022,34,Female,Washington,DC
663,Edyth Sebyer,esebyerie@webs.com,11/21/2021,49,Female,Albany,NY
664,Derward Josifovitz,djosifovitzif@netscape.com,11/2/2016,81,Male,Fresno,CA
665,Yankee Rylatt,yrylattig@artisteer.com,1/9/2011,47,Male,New York City,NY
666,Miquela Deek,mdeekih@ovh.net,12/28/2016,73,Female,Fresno,CA
667,Lorrin Hambribe,lhambribeii@abc.net.au,6/19/2017,89,Female,Baton Rouge,LA
668,Cara Ballham,cballhamij@stanford.edu,2/3/2022,20,Female,Philadelphia,PA
669,Ashton Kadwallider,akadwalliderik@marketwatch.com,1/11/2015,33,Male,Houston,TX
670,Weber Waye,wwayeil@lulu.com,1/24/2019,77,Male,Baltimore,MD
671,Lizbeth Clinkard,lclinkardim@vimeo.com,12/14/2011,48,Female,San Jose,CA
672,Shepherd Thowes,sthowesin@msn.com,3/7/2017,88,Male,Lancaster,CA
673,Cherish Sparham,csparhamio@latimes.com,11/12/2022,89,Female,Bradenton,FL
674,Lynn Campes,lcampesip@virginia.edu,3/14/2010,35,Female,Virginia Beach,VA
675,Matelda Gildea,mgildeaiq@google.es,1/17/2014,41,Female,Bryan,TX
676,Jerad Fullager,jfullagerir@nba.com,11/27/2015,81,Male,Sandy,UT
677,Alfy Fairholme,afairholmeis@mit.edu,1/4/2011,78,Male,Toledo,OH
678,Cly Perryn,cperrynit@scribd.com,3/31/2013,56,Male,Abilene,TX
679,Berky Janota,bjanotaiu@elpais.com,3/31/2011,96,Male,Garden Grove,CA
680,Kellie Stein,ksteiniv@addthis.com,1/23/2015,90,Female,Elizabeth,NJ
681,Davon Perrins,dperrinsiw@nih.gov,5/24/2010,26,Male,Cincinnati,OH
682,Vivianne Eagle,veagleix@spotify.com,3/1/2022,91,Female,Denver,CO
683,Florance Ardron,fardroniy@vinaora.com,1/30/2021,46,Polygender,Washington,DC
684,Moria MacCartair,mmaccartairiz@home.pl,7/8/2014,57,Female,Springfield,IL
685,Harold Tibalt,htibaltj0@mapquest.com,2/17/2016,21,Male,Washington,DC
686,Rhiamon Scoyne,rscoynej1@joomla.org,6/12/2018,65,Female,Whittier,CA
687,Casar Clissell,cclissellj2@4shared.com,8/24/2020,49,Male,Las Vegas,NV
688,Perri Jindrich,pjindrichj3@t-online.de,3/6/2021,86,Female,Omaha,NE
689,Karna Sent,ksentj4@homestead.com,3/3/2020,67,Female,Syracuse,NY
690,Griff Smowton,gsmowtonj5@vinaora.com,9/12/2017,28,Male,Gary,IN
691,Theodosia Koche,tkochej6@smh.com.au,1/9/2010,30,Female,Reading,PA
692,Anselm Gerrit,agerritj7@netscape.com,3/11/2017,74,Male,Des Moines,IA
693,Cesaro Cersey,ccerseyj8@imageshack.us,11/15/2012,63,Male,Newark,DE
694,Devonna Dulson,ddulsonj9@unicef.org,12/3/2022,79,Female,Memphis,TN
695,Nevil Joska,njoskaja@qq.com,11/4/2021,23,Male,Dallas,TX
696,Karena Kunat,kkunatjb@jiathis.com,4/9/2021,21,Female,Las Vegas,NV
697,Tallia Mountford,tmountfordjc@google.es,5/7/2019,75,Female,Monticello,MN
698,Marrissa Eliassen,meliassenjd@blinklist.com,2/25/2020,44,Female,Fort Worth,TX
699,Hanni Catling,hcatlingje@netlog.com,3/6/2016,56,Female,Jersey City,NJ
700,Sara-ann Halhead,shalheadjf@unesco.org,8/12/2019,56,Female,Milwaukee,WI
701,Bentlee Kropp,bkroppjg@mit.edu,5/21/2010,65,Male,Des Moines,IA
702,Kasey Erett,kerettjh@cafepress.com,6/8/2012,77,Bigender,Wichita Falls,TX
703,West Jasper,wjasperji@sbwire.com,9/2/2011,37,Male,Anderson,IN
704,Shana Redmille,sredmillejj@tiny.cc,10/26/2022,45,Female,Salt Lake City,UT
705,Tadd Tapenden,ttapendenjk@telegraph.co.uk,9/8/2012,59,Agender,Lehigh Acres,FL
706,Carin Hurkett,churkettjl@gmpg.org,5/6/2011,87,Female,Glendale,AZ
707,Myranda Bockman,mbockmanjm@facebook.com,6/21/2019,91,Female,Richmond,VA
708,Carleton Eddy,ceddyjn@amazon.co.jp,5/12/2020,34,Polygender,Arlington,VA
709,Stephannie Ferrarin,sferrarinjo@facebook.com,10/7/2022,79,Female,New York City,NY
710,Cary Archer,carcherjp@google.com.br,4/19/2011,41,Female,Memphis,TN
711,Edgard Easton,eeastonjq@cafepress.com,1/14/2013,95,Male,Columbus,GA
712,Moll Andrejevic,mandrejevicjr@msu.edu,9/19/2016,70,Female,Salt Lake City,UT
713,Elise Lefort,elefortjs@mail.ru,8/4/2014,23,Female,Anderson,SC
714,Justine Macquire,jmacquirejt@tinypic.com,2/27/2021,42,Non-binary,Reston,VA
715,Pamela MacScherie,pmacscherieju@techcrunch.com,6/4/2010,52,Female,Daytona Beach,FL
716,Julee Parlet,jparletjv@japanpost.jp,1/1/2013,63,Female,Detroit,MI
717,Leona Prangle,lpranglejw@chicagotribune.com,10/18/2012,42,Female,Newton,MA
718,Cecil Lorrain,clorrainjx@omniture.com,10/22/2020,71,Male,Miami,FL
719,Sylvester Shalloo,sshalloojy@reuters.com,1/14/2012,51,Male,Decatur,GA
720,Bartholomeus MacElane,bmacelanejz@canalblog.com,7/30/2016,60,Male,Columbia,SC
721,Melantha Philliphs,mphilliphsk0@163.com,12/30/2019,27,Genderqueer,Albany,NY
722,Mordecai Klimsch,mklimschk1@shop-pro.jp,8/15/2021,93,Male,Lubbock,TX
723,Elsworth Batrop,ebatropk2@icq.com,1/14/2014,64,Male,Clearwater,FL
724,Rolando Casino,rcasinok3@seattletimes.com,5/29/2016,95,Male,Saint Cloud,MN
725,Rhetta Wellum,rwellumk4@guardian.co.uk,12/7/2013,56,Female,Escondido,CA
726,Zeb Georgeau,zgeorgeauk5@sbwire.com,1/2/2020,35,Male,Omaha,NE
727,Serena Ellicott,sellicottk6@lulu.com,9/12/2010,25,Female,Peoria,AZ
728,Germana Roycroft,groycroftk7@sitemeter.com,10/31/2015,85,Female,New York City,NY
729,Olly Asgodby,oasgodbyk8@dell.com,8/29/2021,20,Male,Largo,FL
730,Olag Sherred,osherredk9@marriott.com,9/3/2022,58,Male,Cincinnati,OH
731,Normie Sneller,nsnellerka@mlb.com,6/12/2020,76,Male,Asheville,NC
732,Lucretia Puden,lpudenkb@blinklist.com,1/9/2020,88,Female,Dallas,TX
733,Robbert Dahle,rdahlekc@github.com,3/10/2018,36,Male,Fresno,CA
734,Percival Dennidge,pdennidgekd@howstuffworks.com,11/27/2018,71,Male,Columbia,SC
735,Magda Eaglen,meaglenke@indiatimes.com,8/30/2012,100,Female,Fort Wayne,IN
736,Torin Bjerkan,tbjerkankf@elpais.com,11/9/2018,25,Male,Bellevue,WA
737,Hester Escalera,hescalerakg@phpbb.com,11/28/2019,85,Non-binary,Oklahoma City,OK
738,Brande Abramamovh,babramamovhkh@ft.com,6/12/2012,93,Female,Tucson,AZ
739,Aldin Anker,aankerki@fc2.com,7/10/2020,55,Male,Huntington,WV
740,Maribel Belden,mbeldenkj@youtube.com,6/17/2018,66,Female,Des Moines,IA
741,Correna Briton,cbritonkk@nbcnews.com,11/1/2015,62,Female,Washington,DC
742,Vassily Kacheller,vkachellerkl@dropbox.com,9/17/2011,65,Male,Pittsburgh,PA
743,Andeee Mort,amortkm@google.it,3/17/2016,27,Female,Sacramento,CA
744,Bernadina Sheldrick,bsheldrickkn@weibo.com,6/8/2020,38,Female,Atlanta,GA
745,Diego Lantaph,dlantaphko@google.nl,2/3/2013,33,Male,Jamaica,NY
746,Belvia Ingley,bingleykp@elegantthemes.com,9/4/2019,79,Female,Trenton,NJ
747,Abran Cadogan,acadogankq@indiatimes.com,12/9/2016,88,Male,Pomona,CA
748,Darcie Vedmore,dvedmorekr@arstechnica.com,2/27/2010,35,Female,Oxnard,CA
749,Jewell Stabler,jstablerks@indiatimes.com,2/15/2015,80,Female,Apache Junction,AZ
750,Cly Furber,cfurberkt@histats.com,12/11/2014,40,Male,South Bend,IN
751,Almire Saltsberger,asaltsbergerku@usatoday.com,10/9/2022,26,Genderfluid,Silver Spring,MD
752,Skippie Greenlies,sgreenlieskv@dot.gov,2/25/2022,65,Male,Brooklyn,NY
753,Ferd Bolsover,fbolsoverkw@cornell.edu,9/27/2017,78,Male,Fort Worth,TX
754,Cherida Lenchenko,clenchenkokx@dot.gov,12/2/2011,80,Female,Hialeah,FL
755,Wenda Ranshaw,wranshawky@flickr.com,1/21/2017,66,Female,Indianapolis,IN
756,Guthrie Mattevi,gmattevikz@feedburner.com,10/30/2019,83,Male,Houston,TX
757,Gan Haggerty,ghaggertyl0@time.com,9/7/2013,21,Male,Los Angeles,CA
758,Emory Devanny,edevannyl1@unc.edu,5/21/2011,96,Male,Dulles,VA
759,Merell Pears,mpearsl2@moonfruit.com,8/16/2017,34,Male,San Jose,CA
760,Albertina Giamitti,agiamittil3@washington.edu,12/13/2021,51,Female,Atlanta,GA
761,Minnnie Boyda,mboydal4@indiatimes.com,10/22/2022,27,Female,Fresno,CA
762,Tomasine Fitzjohn,tfitzjohnl5@imgur.com,9/24/2015,28,Female,San Diego,CA
763,Janek Bonafacino,jbonafacinol6@dot.gov,10/30/2013,81,Male,Winston Salem,NC
764,Victoir Glasner,vglasnerl7@squidoo.com,3/19/2021,55,Male,Van Nuys,CA
765,Felix Gooderidge,fgooderidgel8@guardian.co.uk,9/20/2022,68,Male,Portland,OR
766,Kassi Niccolls,kniccollsl9@joomla.org,7/19/2013,66,Female,Fort Worth,TX
767,Tanner Fann,tfannla@csmonitor.com,1/20/2016,69,Male,Cincinnati,OH
768,Aubert Mundie,amundielb@seesaa.net,10/6/2013,81,Male,Dallas,TX
769,Jordana Bygrove,jbygrovelc@ask.com,10/7/2016,50,Female,Las Vegas,NV
770,Frazier Dunkerly,fdunkerlyld@vk.com,11/23/2011,84,Bigender,Johnstown,PA
771,Lauraine Bonifacio,lbonifaciole@unicef.org,8/31/2011,34,Female,Los Angeles,CA
772,Karim Friel,kfriellf@163.com,7/26/2015,47,Male,Bronx,NY
773,Valentin Rosenschein,vrosenscheinlg@hc360.com,6/7/2013,22,Male,Detroit,MI
774,Denys Huggett,dhuggettlh@boston.com,3/10/2014,60,Male,Miami,FL
775,Sosanna Klawi,sklawili@nydailynews.com,7/22/2016,29,Female,Portland,OR
776,Llewellyn Brimham,lbrimhamlj@scribd.com,2/9/2014,38,Bigender,Davenport,IA
777,Homerus Andreazzi,handreazzilk@who.int,9/22/2010,54,Male,Las Vegas,NV
778,Archibald Windus,awindusll@ft.com,11/12/2014,78,Male,Pasadena,CA
779,Bar Collingham,bcollinghamlm@java.com,2/8/2016,74,Male,San Antonio,TX
780,Demetria Heugel,dheugelln@bloomberg.com,12/23/2022,71,Female,Terre Haute,IN
781,Katy Ingolotti,kingolottilo@rakuten.co.jp,5/11/2010,46,Female,Indianapolis,IN
782,Matthiew Feldhuhn,mfeldhuhnlp@independent.co.uk,11/26/2016,31,Male,Palm Bay,FL
783,Napoleon Philliskirk,nphilliskirklq@dyndns.org,5/18/2010,52,Male,Phoenix,AZ
784,Georgy Ruddiman,gruddimanlr@amazon.com,9/20/2011,33,Genderfluid,Norwalk,CT
785,Lanny Bricksey,lbrickseyls@yelp.com,6/26/2021,70,Male,Phoenix,AZ
786,Rochell Delort,rdelortlt@newyorker.com,12/11/2014,38,Female,Brooklyn,NY
787,Rebekah Baldree,rbaldreelu@mit.edu,9/27/2020,19,Female,Los Angeles,CA
788,Lanny Baldry,lbaldrylv@mayoclinic.com,8/2/2010,18,Male,Oklahoma City,OK
789,Tamar Shuker,tshukerlw@51.la,6/28/2018,59,Female,Washington,DC
790,Cele Thorndycraft,cthorndycraftlx@goo.ne.jp,9/16/2011,37,Female,Bismarck,ND
791,Zuzana Twizell,ztwizellly@symantec.com,5/25/2011,85,Female,Santa Cruz,CA
792,Jeannette Spyby,jspybylz@studiopress.com,4/17/2013,83,Female,Hot Springs National Park,AR
793,Kaitlin Leming,klemingm0@theglobeandmail.com,8/31/2018,27,Female,Richmond,VA
794,Terri O'Siaghail,tosiaghailm1@google.ca,12/19/2019,84,Male,Los Angeles,CA
795,Alva Walkley,awalkleym2@google.com.hk,9/28/2021,63,Male,Milwaukee,WI
796,Tommi Reah,treahm3@de.vu,4/15/2012,45,Female,Cleveland,OH
797,Nikki Gamell,ngamellm4@wired.com,9/23/2019,40,Bigender,Corpus Christi,TX
798,Nathaniel Pawel,npawelm5@php.net,1/22/2014,55,Male,Peoria,IL
799,Trace Gallemore,tgallemorem6@harvard.edu,7/10/2013,22,Male,Lafayette,IN
800,Erasmus Exelby,eexelbym7@tumblr.com,9/22/2018,100,Male,Tampa,FL
801,Harmonie Hopfer,hhopferm8@aboutads.info,4/6/2022,40,Agender,Sioux City,IA
802,Dilan Beavis,dbeavism9@weebly.com,11/24/2018,58,Male,Reno,NV
803,Tricia Notman,tnotmanma@techcrunch.com,3/16/2017,34,Female,Washington,DC
804,Giraud Bantham,gbanthammb@independent.co.uk,10/26/2021,56,Male,Atlanta,GA
805,Brooke Carlan,bcarlanmc@va.gov,6/14/2017,36,Female,Wichita,KS
806,Windham Erwin,werwinmd@networksolutions.com,1/2/2013,88,Male,Denver,CO
807,Brant Mowling,bmowlingme@dagondesign.com,8/6/2014,97,Male,Carol Stream,IL
808,Willey Lillee,wlilleemf@google.co.jp,3/9/2016,54,Male,Kingsport,TN
809,Alfie Howatt,ahowattmg@examiner.com,4/10/2014,46,Male,Washington,DC
810,Mayne Gerhts,mgerhtsmh@elegantthemes.com,7/20/2020,69,Male,Tacoma,WA
811,Nichole Studeart,nstudeartmi@posterous.com,4/8/2020,29,Male,Portsmouth,NH
812,Carolan Jadczak,cjadczakmj@miibeian.gov.cn,5/2/2012,27,Female,El Paso,TX
813,Sharai Wetherick,swetherickmk@dailymail.co.uk,9/29/2011,57,Female,Harrisburg,PA
814,Boothe Wornum,bwornumml@ca.gov,4/25/2011,37,Male,Arvada,CO
815,Eduino Gligori,egligorimm@wunderground.com,8/30/2013,69,Male,North Port,FL
816,Bobbie Zanettini,bzanettinimn@skype.com,6/21/2011,32,Agender,Pensacola,FL
817,Basilio Berry,bberrymo@dion.ne.jp,5/28/2019,93,Agender,Topeka,KS
818,Gayle Chapelle,gchapellemp@uol.com.br,9/17/2018,78,Male,Milwaukee,WI
819,Fredelia Matchell,fmatchellmq@wikispaces.com,8/31/2019,47,Female,Watertown,MA
820,Brewster Lasty,blastymr@jalbum.net,7/1/2014,72,Male,Springfield,IL
821,Juliana Muglestone,jmuglestonems@weebly.com,6/9/2012,21,Female,San Jose,CA
822,Willamina Baraja,wbarajamt@mashable.com,10/29/2017,48,Female,Jamaica,NY
823,Dwain Jefferies,djefferiesmu@utexas.edu,12/20/2014,54,Male,Sacramento,CA
824,Kevina Durrance,kdurrancemv@nytimes.com,5/18/2022,32,Female,Houston,TX
825,Corilla O'Dowd,codowdmw@topsy.com,11/15/2012,36,Female,Chicago,IL
826,Iorgos Gori,igorimx@clickbank.net,10/16/2012,59,Male,Rochester,NY
827,Rorke Pobjay,rpobjaymy@pen.io,11/5/2018,82,Male,Arlington,TX
828,Babita Wisam,bwisammz@last.fm,9/8/2016,37,Female,San Jose,CA
829,Marlyn Polak,mpolakn0@altervista.org,4/25/2016,56,Female,Houston,TX
830,Terencio Graver,tgravern1@ning.com,8/28/2012,96,Male,Seattle,WA
831,Krissie Grandham,kgrandhamn2@abc.net.au,4/16/2015,77,Female,Appleton,WI
832,Edvard Tayloe,etayloen3@bloglines.com,6/16/2020,87,Male,San Antonio,TX
833,Kayne Dummett,kdummettn4@aol.com,7/23/2022,36,Male,Washington,DC
834,Creight Basili,cbasilin5@t-online.de,7/14/2020,19,Male,Montgomery,AL
835,Brian Coffey,bcoffeyn6@salon.com,9/23/2019,45,Male,Carol Stream,IL
836,Hortensia Jessard,hjessardn7@netvibes.com,5/13/2013,90,Non-binary,Salinas,CA
837,Franky Troni,ftronin8@intel.com,7/26/2021,44,Female,Shreveport,LA
838,Bride Keysall,bkeysalln9@sogou.com,4/15/2012,94,Female,El Paso,TX
839,Sharai Byre,sbyrena@artisteer.com,12/18/2017,60,Non-binary,Rochester,NY
840,Prent Wetton,pwettonnb@barnesandnoble.com,6/27/2012,99,Male,Cedar Rapids,IA
841,Dorisa Deverale,ddeveralenc@fda.gov,1/25/2012,56,Female,Tucson,AZ
842,Amalia Purtell,apurtellnd@mapy.cz,2/20/2022,69,Female,Tulsa,OK
843,Alisa Methingam,amethingamne@g.co,8/18/2021,87,Female,Marietta,GA
844,Kean Cleve,kclevenf@1und1.de,12/29/2013,99,Male,Houston,TX
845,Buck Coppard,bcoppardng@smugmug.com,7/10/2015,52,Male,Evansville,IN
846,John Wormstone,jwormstonenh@google.co.uk,9/28/2013,96,Genderfluid,West Palm Beach,FL
847,Edan Beaby,ebeabyni@wikimedia.org,5/10/2011,65,Male,New York City,NY
848,Mitch Gainfort,mgainfortnj@studiopress.com,3/17/2018,84,Male,Fullerton,CA
849,Ashley Smittoune,asmittounenk@msn.com,12/11/2017,98,Female,Seattle,WA
850,Shaylyn Romney,sromneynl@apple.com,6/5/2011,55,Female,Miami,FL
851,Delcine Borthwick,dborthwicknm@e-recht24.de,1/4/2019,57,Female,Loretto,MN
852,Giana Dunstone,gdunstonenn@bbc.co.uk,11/15/2020,69,Female,Brooklyn,NY
853,Paxton Bernakiewicz,pbernakiewiczno@google.co.jp,10/4/2022,70,Male,Lakewood,WA
854,Thaine Judd,tjuddnp@guardian.co.uk,8/25/2013,54,Male,Albany,GA
855,Alejandra Spohrmann,aspohrmannnq@sciencedirect.com,8/17/2016,81,Female,Santa Monica,CA
856,Donny Ellice,dellicenr@rediff.com,1/27/2019,77,Male,Littleton,CO
857,Paloma Avent,paventns@house.gov,11/30/2019,25,Female,Huntington,WV
858,Lucho Sokale,lsokalent@desdev.cn,12/23/2020,78,Male,Bronx,NY
859,Ellwood Bool,eboolnu@privacy.gov.au,7/14/2020,28,Male,Corona,CA
860,Riobard Bohler,rbohlernv@un.org,2/14/2017,61,Male,Washington,DC
861,Ken Gilling,kgillingnw@ameblo.jp,9/27/2016,57,Male,Carson City,NV
862,Bren Ganders,bgandersnx@posterous.com,4/10/2022,78,Male,Muncie,IN
863,Charlot Arendt,carendtny@umn.edu,4/27/2020,55,Female,Nashville,TN
864,Genny Litterick,glittericknz@newsvine.com,7/17/2015,86,Female,New York City,NY
865,Daphene Lau,dlauo0@a8.net,2/12/2018,39,Female,Miami,FL
866,Whit Isgar,wisgaro1@cornell.edu,2/11/2019,24,Male,El Paso,TX
867,Clarinda Castaignet,ccastaigneto2@plala.or.jp,12/2/2020,93,Female,Brooklyn,NY
868,Deeann Keightley,dkeightleyo3@newsvine.com,10/8/2016,87,Female,Corpus Christi,TX
869,Monica Olman,molmano4@infoseek.co.jp,6/17/2010,90,Female,Naples,FL
870,Christan Pinar,cpinaro5@sciencedirect.com,5/7/2012,74,Female,Atlanta,GA
871,Burl Carn,bcarno6@meetup.com,3/22/2014,61,Male,Boulder,CO
872,Calypso Artist,cartisto7@360.cn,6/2/2019,70,Female,Idaho Falls,ID
873,Shirleen Cassam,scassamo8@163.com,5/16/2019,23,Female,Brooklyn,NY
874,Leif Duffil,lduffilo9@icio.us,1/2/2018,55,Male,Champaign,IL
875,Barbara-anne Crews,bcrewsoa@tripod.com,12/31/2019,70,Female,Sacramento,CA
876,Corney Crayk,ccraykob@illinois.edu,9/2/2015,56,Male,Tacoma,WA
877,Lorine Scurrah,lscurrahoc@blinklist.com,3/22/2021,22,Female,Lynchburg,VA
878,Gustav Sandeson,gsandesonod@wikimedia.org,3/7/2014,65,Male,Peoria,IL
879,Kelby Soares,ksoaresoe@unesco.org,9/21/2015,58,Male,Augusta,GA
880,Cloe Craigmyle,ccraigmyleof@noaa.gov,2/4/2016,90,Female,Pasadena,CA
881,Dave Poyle,dpoyleog@google.fr,7/24/2015,80,Bigender,San Antonio,TX
882,Barry Neaves,bneavesoh@ameblo.jp,12/14/2022,68,Male,Portland,OR
883,Fergus Bunford,fbunfordoi@rakuten.co.jp,3/16/2017,27,Male,Jamaica,NY
884,Caty Terzo,cterzooj@bing.com,9/16/2021,27,Female,Springfield,VA
885,Cesar Dober,cdoberok@storify.com,5/23/2014,78,Male,Clearwater,FL
886,Katy Extill,kextillol@squidoo.com,4/8/2020,98,Female,Brooklyn,NY
887,Harlan Lacotte,hlacotteom@techcrunch.com,7/4/2022,45,Male,Lakeland,FL
888,Madison Sprakes,msprakeson@digg.com,3/4/2012,77,Male,Greenville,SC
889,Jany Ricardo,jricardooo@surveymonkey.com,5/7/2017,58,Female,Panama City,FL
890,Emmi Prangle,eprangleop@smh.com.au,4/25/2017,39,Female,Spokane,WA
891,Hamel Berling,hberlingoq@stumbleupon.com,7/7/2013,74,Male,New York City,NY
892,Bee Tittletross,btittletrossor@mapquest.com,10/25/2011,92,Female,Minneapolis,MN
893,Wilma Laible,wlaibleos@cargocollective.com,9/10/2015,65,Female,Houston,TX
894,Dorotea Blodgett,dblodgettot@illinois.edu,8/18/2021,72,Female,Wilmington,DE
895,Rori Damper,rdamperou@nps.gov,2/8/2017,97,Female,Tampa,FL
896,Samson Cromblehome,scromblehomeov@economist.com,8/12/2010,39,Bigender,Alexandria,VA
897,Bridget Evamy,bevamyow@weebly.com,9/21/2021,72,Female,Corpus Christi,TX
898,Rosina Goodisson,rgoodissonox@miitbeian.gov.cn,1/10/2010,80,Female,Jacksonville,FL
899,Don Doctor,ddoctoroy@sina.com.cn,2/26/2021,52,Male,Racine,WI
900,Andie Pischel,apischeloz@telegraph.co.uk,12/26/2015,25,Non-binary,Phoenix,AZ
901,Bordy Bennellick,bbennellickp0@state.tx.us,9/30/2013,88,Male,Riverside,CA
902,Nichols Malenoir,nmalenoirp1@discuz.net,11/19/2022,97,Agender,Pensacola,FL
903,Verena Guerner,vguernerp2@bing.com,1/27/2012,62,Bigender,Lancaster,PA
904,Coral Haville,chavillep3@mozilla.org,7/16/2014,78,Female,Littleton,CO
905,Kimmi Durgan,kdurganp4@deviantart.com,7/12/2010,70,Female,Naples,FL
906,Alphard Carous,acarousp5@diigo.com,12/4/2018,66,Non-binary,Chicago,IL
907,Dorene Bavester,dbavesterp6@storify.com,7/14/2010,76,Non-binary,Oklahoma City,OK
908,Magda Loosley,mloosleyp7@goodreads.com,2/2/2013,77,Female,Dallas,TX
909,Hamid Francke,hfranckep8@sfgate.com,2/3/2016,83,Male,Las Vegas,NV
910,Zelda Blandamore,zblandamorep9@angelfire.com,11/24/2020,76,Female,Burbank,CA
911,Granthem Elliss,gellisspa@adobe.com,1/13/2017,87,Genderfluid,Peoria,IL
912,Hillel Smiz,hsmizpb@multiply.com,12/16/2020,33,Male,Hampton,VA
913,Boris Rimbault,brimbaultpc@opera.com,3/5/2020,89,Male,Grand Junction,CO
914,Osgood Jarrold,ojarroldpd@desdev.cn,11/30/2018,64,Male,Memphis,TN
915,Eirena Niezen,eniezenpe@ca.gov,9/16/2012,43,Female,New York City,NY
916,Christi McElroy,cmcelroypf@oaic.gov.au,9/17/2018,36,Female,Austin,TX
917,Sarina Cotmore,scotmorepg@hugedomains.com,1/13/2021,51,Female,Rochester,NY
918,Zuzana Bullivant,zbullivantph@usgs.gov,10/27/2011,91,Female,Rochester,NY
919,Claire Waine,cwainepi@google.co.jp,1/17/2012,52,Female,Montgomery,AL
920,Christine Ranshaw,cranshawpj@mediafire.com,4/30/2018,86,Female,San Luis Obispo,CA
921,Chauncey Cruikshanks,ccruikshankspk@over-blog.com,1/2/2019,84,Male,El Paso,TX
922,Thaddus Kezor,tkezorpl@nationalgeographic.com,6/27/2018,78,Male,Wichita,KS
923,Brande Murison,bmurisonpm@cbc.ca,3/14/2022,73,Non-binary,San Jose,CA
924,Earlie Thombleson,ethomblesonpn@networksolutions.com,10/2/2020,53,Male,Washington,DC
925,Michal McWhin,mmcwhinpo@macromedia.com,6/26/2019,88,Female,White Plains,NY
926,Dom Marples,dmarplespp@nbcnews.com,11/11/2020,43,Male,Miami,FL
927,Tamar Basden,tbasdenpq@blogspot.com,8/3/2017,90,Female,Abilene,TX
928,Cicily Fawbert,cfawbertpr@businessinsider.com,4/15/2021,33,Female,Cheyenne,WY
929,Sheffield Ells,sellsps@sbwire.com,8/19/2022,24,Male,Trenton,NJ
930,Cairistiona Gammack,cgammackpt@bing.com,5/8/2020,71,Female,Helena,MT
931,Joshia Branscomb,jbranscombpu@earthlink.net,7/2/2011,60,Male,Brooklyn,NY
932,Nikolas Carradice,ncarradicepv@eepurl.com,9/13/2012,82,Male,Portland,OR
933,Clemmy Lechmere,clechmerepw@examiner.com,2/21/2021,55,Agender,Jamaica,NY
934,Matthias Peckett,mpeckettpx@gravatar.com,2/4/2017,90,Male,Honolulu,HI
935,La verne Scotson,lvernepy@apple.com,11/5/2016,28,Female,Omaha,NE
936,Corly Starford,cstarfordpz@sitemeter.com,4/4/2019,52,Female,Memphis,TN
937,Katerine Chicco,kchiccoq0@yandex.ru,6/21/2015,32,Female,Pasadena,CA
938,Perl Habergham,phaberghamq1@barnesandnoble.com,12/15/2016,81,Female,Santa Fe,NM
939,Marguerite Trayes,mtrayesq2@who.int,10/15/2012,33,Female,Austin,TX
940,Lesly Wilman,lwilmanq3@paginegialle.it,1/28/2015,86,Female,Trenton,NJ
941,Jaymee Williamson,jwilliamsonq4@harvard.edu,3/6/2015,34,Female,Port Saint Lucie,FL
942,Bert Rame,brameq5@csmonitor.com,5/27/2018,36,Female,Minneapolis,MN
943,Julissa Han,jhanq6@privacy.gov.au,1/9/2016,29,Bigender,New York City,NY
944,Seward Kirmond,skirmondq7@microsoft.com,11/7/2011,80,Male,Lansing,MI
945,Alys Ffrench,affrenchq8@nba.com,8/4/2012,92,Female,Montgomery,AL
946,Janenna Ciccoloi,jciccoloiq9@craigslist.org,9/2/2022,46,Agender,Savannah,GA
947,Andreas Draycott,adraycottqa@google.cn,7/19/2011,47,Male,Kissimmee,FL
948,Marleen Manlow,mmanlowqb@webs.com,4/13/2011,71,Female,Huntington Beach,CA
949,Kaila Lambarton,klambartonqc@seattletimes.com,7/23/2014,94,Female,Orlando,FL
950,Lorena Paragreen,lparagreenqd@ebay.com,3/14/2016,38,Female,Spokane,WA
951,Griffith Paddle,gpaddleqe@cbslocal.com,4/18/2022,47,Male,Chattanooga,TN
952,Domini Caffery,dcafferyqf@nationalgeographic.com,6/18/2019,92,Genderfluid,Seattle,WA
953,Kristoffer Folliss,kfollissqg@ft.com,12/13/2011,19,Male,Arlington,VA
954,Karly Brozsset,kbrozssetqh@sbwire.com,10/20/2020,47,Female,Lancaster,CA
955,Roanne Hedaux,rhedauxqi@clickbank.net,12/5/2013,26,Female,Charlotte,NC
956,Aldus Heigho,aheighoqj@godaddy.com,1/3/2018,34,Male,Bakersfield,CA
957,Carleen Shyram,cshyramqk@hugedomains.com,5/28/2018,47,Female,Wichita,KS
958,Fara Janovsky,fjanovskyql@fotki.com,8/10/2018,72,Female,Washington,DC
959,Bastien Dillamore,bdillamoreqm@telegraph.co.uk,11/8/2019,66,Male,Saint Louis,MO
960,Rolland Gallear,rgallearqn@blogger.com,12/21/2021,46,Male,Daytona Beach,FL
961,Romy Buche,rbucheqo@fastcompany.com,7/27/2016,21,Female,Montgomery,AL
962,Jolynn Letrange,jletrangeqp@symantec.com,12/9/2013,72,Female,San Francisco,CA
963,Hewet Wrightam,hwrightamqq@msn.com,12/5/2014,63,Male,Washington,DC
964,Elena Cordall,ecordallqr@mlb.com,12/4/2011,62,Female,Minneapolis,MN
965,Rossie Jeans,rjeansqs@oracle.com,6/4/2019,92,Male,Merrifield,VA
966,Othella Leggate,oleggateqt@google.de,3/1/2011,22,Female,San Antonio,TX
967,Dominik Jzhakov,djzhakovqu@chicagotribune.com,5/15/2021,76,Male,Arlington,VA
968,Cherri Blindmann,cblindmannqv@wunderground.com,10/29/2021,24,Bigender,Boca Raton,FL
969,Camile Docherty,cdochertyqw@flickr.com,2/6/2020,39,Female,Oklahoma City,OK
970,Bay Jowsey,bjowseyqx@telegraph.co.uk,8/11/2022,61,Male,Shreveport,LA
971,Ardisj Darnbrook,adarnbrookqy@youtube.com,10/4/2021,37,Female,Indianapolis,IN
972,Aubrette Shimmings,ashimmingsqz@prweb.com,11/15/2020,27,Female,Jacksonville,FL
973,Ilaire Clevely,iclevelyr0@jimdo.com,9/19/2012,52,Male,Rochester,NY
974,Elvira St. Hill,estr1@alexa.com,4/23/2016,88,Female,Richmond,VA
975,Abigael Larner,alarnerr2@ycombinator.com,7/23/2012,21,Female,Knoxville,TN
976,Piotr Heinssen,pheinssenr3@csmonitor.com,6/10/2012,60,Male,Tempe,AZ
977,Opalina Hawarden,ohawardenr4@wordpress.org,7/27/2013,99,Female,Fort Worth,TX
978,Branden Frankcom,bfrankcomr5@angelfire.com,6/18/2012,61,Male,New York City,NY
979,Conway Vakhonin,cvakhoninr6@oaic.gov.au,4/21/2018,70,Male,Saint Louis,MO
980,Trumaine Duffet,tduffetr7@photobucket.com,10/19/2018,85,Male,Huntsville,AL
981,Grata Hovel,ghovelr8@purevolume.com,12/9/2021,84,Female,Orange,CA
982,Dudley Gabites,dgabitesr9@disqus.com,3/27/2013,19,Male,Saint Paul,MN
983,Gothart Andryszczak,gandryszczakra@statcounter.com,6/16/2020,38,Male,Des Moines,IA
984,Demetris Riddiford,driddifordrb@instagram.com,1/14/2012,53,Female,Lakeland,FL
985,Francois Kenson,fkensonrc@mashable.com,1/10/2013,93,Male,Birmingham,AL
986,Elinor Bramwich,ebramwichrd@booking.com,11/30/2013,97,Female,Wichita Falls,TX
987,Carmen Chicken,cchickenre@goo.ne.jp,7/18/2015,31,Female,Tulsa,OK
988,Lucius Greystock,lgreystockrf@mit.edu,6/22/2019,47,Male,North Las Vegas,NV
989,Bern Link,blinkrg@simplemachines.org,7/28/2012,19,Male,Portland,OR
990,Ewell MacKegg,emackeggrh@reverbnation.com,5/8/2016,82,Male,Jeffersonville,IN
991,Victoir Cocci,vcocciri@issuu.com,9/12/2015,53,Non-binary,Sioux Falls,SD
992,Koo Antoniades,kantoniadesrj@rediff.com,1/18/2012,30,Female,West Palm Beach,FL
993,Cathrine Reightley,creightleyrk@harvard.edu,3/24/2013,96,Female,Burbank,CA
994,Torr Leverton,tlevertonrl@surveymonkey.com,12/25/2012,86,Male,Portland,OR
995,Jade Skene,jskenerm@facebook.com,6/19/2020,75,Female,Tallahassee,FL
996,Tani Bradie,tbradiern@hatena.ne.jp,1/25/2017,71,Female,Kansas City,MO
997,Marice Glasman,mglasmanro@npr.org,6/28/2017,29,Female,Long Beach,CA
998,Marie-ann Desquesnes,mdesquesnesrp@mayoclinic.com,12/24/2022,71,Female,New Orleans,LA
999,Barnabe Shedd,bsheddrq@businessweek.com,2/25/2013,88,Male,Merrifield,VA
1000,Kelvin Crady,kcradyrr@dyndns.org,4/10/2021,83,Male,New Orleans,LA
